Text,Title,Media URLs,Labels,Social Medias,Scheduled
"Worms Montage

Premium microscopic stock footage -- 4K video and 8K images.
Royalty-free. Instant download.

https://stockflow.media/?cat=Microscopic&sub=Worms&collection=Worms+Montage

#stockfootage #royaltyfree #microscopy #science #biology",Worms Montage_W_Facebook,https://storage.googleapis.com/stockflow-social/Batch01/Montages/W/Microscopic_Worms_Worms-Montage_W.mp4,Microscopic,Nmediaservices,2026-03-23 8:00
"Worm Crawls

Premium microscopic stock footage -- 4K video and 8K images.
Royalty-free. Instant download.

https://stockflow.media/?cat=Microscopic&sub=Worms&collection=Worm+Crawls

#stockfootage #royaltyfree #microscopy #science #biology",Worm Crawls_W_Facebook,https://storage.googleapis.com/stockflow-social/Batch01/Montages/W/Microscopic_Worms_Worm-Crawls_W.mp4,Microscopic,Nmediaservices,2026-03-23 9:00
"Turbellarians

Premium microscopic stock footage -- 4K video and 8K images.
Royalty-free. Instant download.

https://stockflow.media/?cat=Microscopic&sub=Worms&collection=Turbellarians

#stockfootage #royaltyfree #microscopy #science #biology",Turbellarians_W_Facebook,https://storage.googleapis.com/stockflow-social/Batch01/Montages/W/Microscopic_Worms_Turbellarians_W.mp4,Microscopic,Nmediaservices,2026-03-23 10:00
"Protozoa

Premium microscopic stock footage -- 4K video and 8K images.
Royalty-free. Instant download.

https://stockflow.media/?cat=Microscopic&sub=Worms&collection=Protozoa

#stockfootage #royaltyfree #microscopy #science #biology",Protozoa_W_Facebook,https://storage.googleapis.com/stockflow-social/Batch01/Montages/W/Microscopic_Worms_Protozoa_W.mp4,Microscopic,Nmediaservices,2026-03-24 8:00
"Parasitic Worms

Premium microscopic stock footage -- 4K video and 8K images.
Royalty-free. Instant download.

https://stockflow.media/?cat=Microscopic&sub=Worms&collection=Parasitic+Worms

#stockfootage #royaltyfree #microscopy #science #biology",Parasitic Worms_W_Facebook,https://storage.googleapis.com/stockflow-social/Batch01/Montages/W/Microscopic_Worms_Parasitic-Worms_W.mp4,Microscopic,Nmediaservices,2026-03-24 9:00
"Parasitic Worm

Premium microscopic stock footage -- 4K video and 8K images.
Royalty-free. Instant download.

https://stockflow.media/?cat=Microscopic&sub=Worms&collection=Parasitic+Worm

#stockfootage #royaltyfree #microscopy #science #biology",Parasitic Worm_W_Facebook,https://storage.googleapis.com/stockflow-social/Batch01/Montages/W/Microscopic_Worms_Parasitic-Worm_W.mp4,Microscopic,Nmediaservices,2026-03-24 10:00
"Parasitic Micro Worm

Premium microscopic stock footage -- 4K video and 8K images.
Royalty-free. Instant download.

https://stockflow.media/?cat=Microscopic&sub=Worms&collection=Parasitic+Micro+Worm

#stockfootage #royaltyfree #microscopy #science #biology",Parasitic Micro Worm_W_Facebook,https://storage.googleapis.com/stockflow-social/Batch01/Montages/W/Microscopic_Worms_Parasitic-Micro-Worm_W.mp4,Microscopic,Nmediaservices,2026-03-25 8:00
"Nmeatode

Premium microscopic stock footage -- 4K video and 8K images.
Royalty-free. Instant download.

https://stockflow.media/?cat=Microscopic&sub=Worms&collection=Nmeatode

#stockfootage #royaltyfree #microscopy #science #biology",Nmeatode_W_Facebook,https://storage.googleapis.com/stockflow-social/Batch01/Montages/W/Microscopic_Worms_Nmeatode_W.mp4,Microscopic,Nmediaservices,2026-03-25 9:00
"Flatworms

Premium microscopic stock footage -- 4K video and 8K images.
Royalty-free. Instant download.

https://stockflow.media/?cat=Microscopic&sub=Worms&collection=Flatworms

#stockfootage #royaltyfree #microscopy #science #biology",Flatworms_W_Facebook,https://storage.googleapis.com/stockflow-social/Batch01/Montages/W/Microscopic_Worms_Flatworms_W.mp4,Microscopic,Nmediaservices,2026-03-25 10:00
"Nematode Worms

Premium microscopic stock footage -- 4K video and 8K images.
Royalty-free. Instant download.

https://stockflow.media/?cat=Microscopic&sub=Worms&collection=Nematode+Worms

#stockfootage #royaltyfree #microscopy #science #biology",Nematode Worms_W_Facebook,https://storage.googleapis.com/stockflow-social/Batch01/Montages/W/Microscopic_Worms_Nematode-Worms_W.mp4,Microscopic,Nmediaservices,2026-03-26 8:00
"Nematode Lifecycle

Premium microscopic stock footage -- 4K video and 8K images.
Royalty-free. Instant download.

https://stockflow.media/?cat=Microscopic&sub=Worms&collection=Nematode+Lifecycle

#stockfootage #royaltyfree #microscopy #science #biology",Nematode Lifecycle_W_Facebook,https://storage.googleapis.com/stockflow-social/Batch01/Montages/W/Microscopic_Worms_Nematode-Lifecycle_W.mp4,Microscopic,Nmediaservices,2026-03-26 9:00
"Crawling On Algae

Premium microscopic stock footage -- 4K video and 8K images.
Royalty-free. Instant download.

https://stockflow.media/?cat=Microscopic&sub=Worms&collection=Crawling+On+Algae

#stockfootage #royaltyfree #microscopy #science #biology",Crawling On Algae_W_Facebook,https://storage.googleapis.com/stockflow-social/Batch01/Montages/W/Microscopic_Worms_Crawling-On-Algae_W.mp4,Microscopic,Nmediaservices,2026-03-26 10:00
"Compost

Premium microscopic stock footage -- 4K video and 8K images.
Royalty-free. Instant download.

https://stockflow.media/?cat=Microscopic&sub=Worms&collection=Compost

#stockfootage #royaltyfree #microscopy #science #biology",Compost_W_Facebook,https://storage.googleapis.com/stockflow-social/Batch01/Montages/W/Microscopic_Worms_Compost_W.mp4,Microscopic,Nmediaservices,2026-03-27 8:00
"Caenorhabditis Elegans

Premium microscopic stock footage -- 4K video and 8K images.
Royalty-free. Instant download.

https://stockflow.media/?cat=Microscopic&sub=Worms&collection=Caenorhabditis+Elegans

#stockfootage #royaltyfree #microscopy #science #biology",Caenorhabditis Elegans_W_Facebook,https://storage.googleapis.com/stockflow-social/Batch01/Montages/W/Microscopic_Worms_Caenorhabditis-Elegans_W.mp4,Microscopic,Nmediaservices,2026-03-27 9:00
"C Elegans

Premium microscopic stock footage -- 4K video and 8K images.
Royalty-free. Instant download.

https://stockflow.media/?cat=Microscopic&sub=Worms&collection=C+Elegans

#stockfootage #royaltyfree #microscopy #science #biology",C Elegans_W_Facebook,https://storage.googleapis.com/stockflow-social/Batch01/Montages/W/Microscopic_Worms_C-Elegans_W.mp4,Microscopic,Nmediaservices,2026-03-27 10:00
"Algae

Premium microscopic stock footage -- 4K video and 8K images.
Royalty-free. Instant download.

https://stockflow.media/?cat=Microscopic&sub=Worms&collection=Algae

#stockfootage #royaltyfree #microscopy #science #biology",Algae_W_Facebook,https://storage.googleapis.com/stockflow-social/Batch01/Montages/W/Microscopic_Worms_Algae_W.mp4,Microscopic,Nmediaservices,2026-03-28 8:00
"Waterborne Montage

Premium microscopic stock footage -- 4K video and 8K images.
Royalty-free. Instant download.

https://stockflow.media/?cat=Microscopic&sub=Waterborne&collection=Waterborne+Montage

#stockfootage #royaltyfree #microscopy #science #biology",Waterborne Montage_W_Facebook,https://storage.googleapis.com/stockflow-social/Batch01/Montages/W/Microscopic_Waterborne_Waterborne-Montage_W.mp4,Microscopic,Nmediaservices,2026-03-28 9:00
"Waterborne

Premium microscopic stock footage -- 4K video and 8K images.
Royalty-free. Instant download.

https://stockflow.media/?cat=Microscopic&sub=Waterborne&collection=Waterborne

#stockfootage #royaltyfree #microscopy #science #biology",Waterborne_W_Facebook,https://storage.googleapis.com/stockflow-social/Batch01/Montages/W/Microscopic_Waterborne_Waterborne_W.mp4,Microscopic,Nmediaservices,2026-03-28 10:00
"Single Celled

Premium microscopic stock footage -- 4K video and 8K images.
Royalty-free. Instant download.

https://stockflow.media/?cat=Microscopic&sub=Waterborne&collection=Single+Celled

#stockfootage #royaltyfree #microscopy #science #biology",Single Celled_W_Facebook,https://storage.googleapis.com/stockflow-social/Batch01/Montages/W/Microscopic_Waterborne_Single-Celled_W.mp4,Microscopic,Nmediaservices,2026-03-29 8:00
"Rotifers

Premium microscopic stock footage -- 4K video and 8K images.
Royalty-free. Instant download.

https://stockflow.media/?cat=Microscopic&sub=Waterborne&collection=Rotifers

#stockfootage #royaltyfree #microscopy #science #biology",Rotifers_W_Facebook,https://storage.googleapis.com/stockflow-social/Batch01/Montages/W/Microscopic_Waterborne_Rotifers_W.mp4,Microscopic,Nmediaservices,2026-03-29 9:00
"Plankton

Premium microscopic stock footage -- 4K video and 8K images.
Royalty-free. Instant download.

https://stockflow.media/?cat=Microscopic&sub=Waterborne&collection=Plankton

#stockfootage #royaltyfree #microscopy #science #biology",Plankton_W_Facebook,https://storage.googleapis.com/stockflow-social/Batch01/Montages/W/Microscopic_Waterborne_Plankton_W.mp4,Microscopic,Nmediaservices,2026-03-29 10:00
"Organisms

Premium microscopic stock footage -- 4K video and 8K images.
Royalty-free. Instant download.

https://stockflow.media/?cat=Microscopic&sub=Waterborne&collection=Organisms

#stockfootage #royaltyfree #microscopy #science #biology",Organisms_W_Facebook,https://storage.googleapis.com/stockflow-social/Batch01/Montages/W/Microscopic_Waterborne_Organisms_W.mp4,Microscopic,Nmediaservices,2026-03-30 8:00
"Neural Signals

Premium microscopic stock footage -- 4K video and 8K images.
Royalty-free. Instant download.

https://stockflow.media/?cat=Microscopic&sub=Waterborne&collection=Neural+Signals

#stockfootage #royaltyfree #microscopy #science #biology",Neural Signals_W_Facebook,https://storage.googleapis.com/stockflow-social/Batch01/Montages/W/Microscopic_Waterborne_Neural-Signals_W.mp4,Microscopic,Nmediaservices,2026-03-30 9:00
"Euglena

Premium microscopic stock footage -- 4K video and 8K images.
Royalty-free. Instant download.

https://stockflow.media/?cat=Microscopic&sub=Waterborne&collection=Euglena

#stockfootage #royaltyfree #microscopy #science #biology",Euglena_W_Facebook,https://storage.googleapis.com/stockflow-social/Batch01/Montages/W/Microscopic_Waterborne_Euglena_W.mp4,Microscopic,Nmediaservices,2026-03-30 10:00
"Euglena Cell

Premium microscopic stock footage -- 4K video and 8K images.
Royalty-free. Instant download.

https://stockflow.media/?cat=Microscopic&sub=Waterborne&collection=Euglena+Cell

#stockfootage #royaltyfree #microscopy #science #biology",Euglena Cell_W_Facebook,https://storage.googleapis.com/stockflow-social/Batch01/Montages/W/Microscopic_Waterborne_Euglena-Cell_W.mp4,Microscopic,Nmediaservices,2026-03-31 8:00
"Diatom

Premium microscopic stock footage -- 4K video and 8K images.
Royalty-free. Instant download.

https://stockflow.media/?cat=Microscopic&sub=Waterborne&collection=Diatom

#stockfootage #royaltyfree #microscopy #science #biology",Diatom_W_Facebook,https://storage.googleapis.com/stockflow-social/Batch01/Montages/W/Microscopic_Waterborne_Diatom_W.mp4,Microscopic,Nmediaservices,2026-03-31 9:00
"Diatom Shell

Premium microscopic stock footage -- 4K video and 8K images.
Royalty-free. Instant download.

https://stockflow.media/?cat=Microscopic&sub=Waterborne&collection=Diatom+Shell

#stockfootage #royaltyfree #microscopy #science #biology",Diatom Shell_W_Facebook,https://storage.googleapis.com/stockflow-social/Batch01/Montages/W/Microscopic_Waterborne_Diatom-Shell_W.mp4,Microscopic,Nmediaservices,2026-03-31 10:00
"Aquatic

Premium microscopic stock footage -- 4K video and 8K images.
Royalty-free. Instant download.

https://stockflow.media/?cat=Microscopic&sub=Waterborne&collection=Aquatic

#stockfootage #royaltyfree #microscopy #science #biology",Aquatic_W_Facebook,https://storage.googleapis.com/stockflow-social/Batch01/Montages/W/Microscopic_Waterborne_Aquatic_W.mp4,Microscopic,Nmediaservices,2026-04-01 8:00
"Amoebas

Premium microscopic stock footage -- 4K video and 8K images.
Royalty-free. Instant download.

https://stockflow.media/?cat=Microscopic&sub=Waterborne&collection=Amoebas

#stockfootage #royaltyfree #microscopy #science #biology",Amoebas_W_Facebook,https://storage.googleapis.com/stockflow-social/Batch01/Montages/W/Microscopic_Waterborne_Amoebas_W.mp4,Microscopic,Nmediaservices,2026-04-01 9:00
"Algae Cells

Premium microscopic stock footage -- 4K video and 8K images.
Royalty-free. Instant download.

https://stockflow.media/?cat=Microscopic&sub=Waterborne&collection=Algae+Cells

#stockfootage #royaltyfree #microscopy #science #biology",Algae Cells_W_Facebook,https://storage.googleapis.com/stockflow-social/Batch01/Montages/W/Microscopic_Waterborne_Algae-Cells_W.mp4,Microscopic,Nmediaservices,2026-04-01 10:00
"Virus Montage

Premium microscopic stock footage -- 4K video and 8K images.
Royalty-free. Instant download.

https://stockflow.media/?cat=Microscopic&sub=Virus&collection=Virus+Montage

#stockfootage #royaltyfree #microscopy #science #biology",Virus Montage_W_Facebook,https://storage.googleapis.com/stockflow-social/Batch01/Montages/W/Microscopic_Virus_Virus-Montage_W.mp4,Microscopic,Nmediaservices,2026-04-02 8:00
"Membrane

Premium microscopic stock footage -- 4K video and 8K images.
Royalty-free. Instant download.

https://stockflow.media/?cat=Microscopic&sub=Virus&collection=Membrane

#stockfootage #royaltyfree #microscopy #science #biology",Membrane_W_Facebook,https://storage.googleapis.com/stockflow-social/Batch01/Montages/W/Microscopic_Virus_Membrane_W.mp4,Microscopic,Nmediaservices,2026-04-02 9:00
"Underwater Montage

Premium microscopic stock footage -- 4K video and 8K images.
Royalty-free. Instant download.

https://stockflow.media/?cat=Microscopic&sub=Underwater&collection=Underwater+Montage

#stockfootage #royaltyfree #microscopy #science #biology",Underwater Montage_W_Facebook,https://storage.googleapis.com/stockflow-social/Batch01/Montages/W/Microscopic_Underwater_Underwater-Montage_W.mp4,Microscopic,Nmediaservices,2026-04-02 10:00
"Tardigrade

Premium microscopic stock footage -- 4K video and 8K images.
Royalty-free. Instant download.

https://stockflow.media/?cat=Microscopic&sub=Underwater&collection=Tardigrade

#stockfootage #royaltyfree #microscopy #science #biology",Tardigrade_W_Facebook,https://storage.googleapis.com/stockflow-social/Batch01/Montages/W/Microscopic_Underwater_Tardigrade_W.mp4,Microscopic,Nmediaservices,2026-04-03 8:00
"Single Celled Organisms

Premium microscopic stock footage -- 4K video and 8K images.
Royalty-free. Instant download.

https://stockflow.media/?cat=Microscopic&sub=Underwater&collection=Single+Celled+Organisms

#stockfootage #royaltyfree #microscopy #science #biology",Single Celled Organisms_W_Facebook,https://storage.googleapis.com/stockflow-social/Batch01/Montages/W/Microscopic_Underwater_Single-Celled-Organisms_W.mp4,Microscopic,Nmediaservices,2026-04-03 9:00
"Seawater Droplet

Premium microscopic stock footage -- 4K video and 8K images.
Royalty-free. Instant download.

https://stockflow.media/?cat=Microscopic&sub=Underwater&collection=Seawater+Droplet

#stockfootage #royaltyfree #microscopy #science #biology",Seawater Droplet_W_Facebook,https://storage.googleapis.com/stockflow-social/Batch01/Montages/W/Microscopic_Underwater_Seawater-Droplet_W.mp4,Microscopic,Nmediaservices,2026-04-03 10:00
"Protozoa And Algae

Premium microscopic stock footage -- 4K video and 8K images.
Royalty-free. Instant download.

https://stockflow.media/?cat=Microscopic&sub=Underwater&collection=Protozoa+And+Algae

#stockfootage #royaltyfree #microscopy #science #biology",Protozoa And Algae_W_Facebook,https://storage.googleapis.com/stockflow-social/Batch01/Montages/W/Microscopic_Underwater_Protozoa-And-Algae_W.mp4,Microscopic,Nmediaservices,2026-04-04 8:00
"Marine Plankton

Premium microscopic stock footage -- 4K video and 8K images.
Royalty-free. Instant download.

https://stockflow.media/?cat=Microscopic&sub=Underwater&collection=Marine+Plankton

#stockfootage #royaltyfree #microscopy #science #biology",Marine Plankton_W_Facebook,https://storage.googleapis.com/stockflow-social/Batch01/Montages/W/Microscopic_Underwater_Marine-Plankton_W.mp4,Microscopic,Nmediaservices,2026-04-04 9:00
"Juvenile Plankton

Premium microscopic stock footage -- 4K video and 8K images.
Royalty-free. Instant download.

https://stockflow.media/?cat=Microscopic&sub=Underwater&collection=Juvenile+Plankton

#stockfootage #royaltyfree #microscopy #science #biology",Juvenile Plankton_W_Facebook,https://storage.googleapis.com/stockflow-social/Batch01/Montages/W/Microscopic_Underwater_Juvenile-Plankton_W.mp4,Microscopic,Nmediaservices,2026-04-04 10:00
"Euglena And Green Algae

Premium microscopic stock footage -- 4K video and 8K images.
Royalty-free. Instant download.

https://stockflow.media/?cat=Microscopic&sub=Underwater&collection=Euglena+And+Green+Algae

#stockfootage #royaltyfree #microscopy #science #biology",Euglena And Green Algae_W_Facebook,https://storage.googleapis.com/stockflow-social/Batch01/Montages/W/Microscopic_Underwater_Euglena-And-Green-Algae_W.mp4,Microscopic,Nmediaservices,2026-04-05 8:00
"Coral Reef Plankton

Premium microscopic stock footage -- 4K video and 8K images.
Royalty-free. Instant download.

https://stockflow.media/?cat=Microscopic&sub=Underwater&collection=Coral+Reef+Plankton

#stockfootage #royaltyfree #microscopy #science #biology",Coral Reef Plankton_W_Facebook,https://storage.googleapis.com/stockflow-social/Batch01/Montages/W/Microscopic_Underwater_Coral-Reef-Plankton_W.mp4,Microscopic,Nmediaservices,2026-04-05 9:00
"Bioluminescent

Premium microscopic stock footage -- 4K video and 8K images.
Royalty-free. Instant download.

https://stockflow.media/?cat=Microscopic&sub=Underwater&collection=Bioluminescent

#stockfootage #royaltyfree #microscopy #science #biology",Bioluminescent_W_Facebook,https://storage.googleapis.com/stockflow-social/Batch01/Montages/W/Microscopic_Underwater_Bioluminescent_W.mp4,Microscopic,Nmediaservices,2026-04-05 10:00
"Protozoa Montage

Premium microscopic stock footage -- 4K video and 8K images.
Royalty-free. Instant download.

https://stockflow.media/?cat=Microscopic&sub=Protozoa&collection=Protozoa+Montage

#stockfootage #royaltyfree #microscopy #science #biology",Protozoa Montage_W_Facebook,https://storage.googleapis.com/stockflow-social/Batch01/Montages/W/Microscopic_Protozoa_Protozoa-Montage_W.mp4,Microscopic,Nmediaservices,2026-04-06 8:00
"Sunflower

Premium microscopic stock footage -- 4K video and 8K images.
Royalty-free. Instant download.

https://stockflow.media/?cat=Microscopic&sub=Pollen&collection=Sunflower

#stockfootage #royaltyfree #microscopy #science #biology",Sunflower_W_Facebook,https://storage.googleapis.com/stockflow-social/Batch01/Montages/W/Microscopic_Pollen_Sunflower_W.mp4,Microscopic,Nmediaservices,2026-04-06 9:00
"Spherical Grass Grain

Premium microscopic stock footage -- 4K video and 8K images.
Royalty-free. Instant download.

https://stockflow.media/?cat=Microscopic&sub=Pollen&collection=Spherical+Grass+Grain

#stockfootage #royaltyfree #microscopy #science #biology",Spherical Grass Grain_W_Facebook,https://storage.googleapis.com/stockflow-social/Batch01/Montages/W/Microscopic_Pollen_Spherical-Grass-Grain_W.mp4,Microscopic,Nmediaservices,2026-04-06 10:00
"Ragweed

Premium microscopic stock footage -- 4K video and 8K images.
Royalty-free. Instant download.

https://stockflow.media/?cat=Microscopic&sub=Pollen&collection=Ragweed

#stockfootage #royaltyfree #microscopy #science #biology",Ragweed_W_Facebook,https://storage.googleapis.com/stockflow-social/Batch01/Montages/W/Microscopic_Pollen_Ragweed_W.mp4,Microscopic,Nmediaservices,2026-04-07 8:00
"Ragweed Spiky Details

Premium microscopic stock footage -- 4K video and 8K images.
Royalty-free. Instant download.

https://stockflow.media/?cat=Microscopic&sub=Pollen&collection=Ragweed+Spiky+Details

#stockfootage #royaltyfree #microscopy #science #biology",Ragweed Spiky Details_W_Facebook,https://storage.googleapis.com/stockflow-social/Batch01/Montages/W/Microscopic_Pollen_Ragweed-Spiky-Details_W.mp4,Microscopic,Nmediaservices,2026-04-07 9:00
"Pollen Montage

Premium microscopic stock footage -- 4K video and 8K images.
Royalty-free. Instant download.

https://stockflow.media/?cat=Microscopic&sub=Pollen&collection=Pollen+Montage

#stockfootage #royaltyfree #microscopy #science #biology",Pollen Montage_W_Facebook,https://storage.googleapis.com/stockflow-social/Batch01/Montages/W/Microscopic_Pollen_Pollen-Montage_W.mp4,Microscopic,Nmediaservices,2026-04-07 10:00
"Pollen

Premium microscopic stock footage -- 4K video and 8K images.
Royalty-free. Instant download.

https://stockflow.media/?cat=Microscopic&sub=Pollen&collection=Pollen

#stockfootage #royaltyfree #microscopy #science #biology",Pollen_W_Facebook,https://storage.googleapis.com/stockflow-social/Batch01/Montages/W/Microscopic_Pollen_Pollen_W.mp4,Microscopic,Nmediaservices,2026-04-08 8:00
"Pine Winged

Premium microscopic stock footage -- 4K video and 8K images.
Royalty-free. Instant download.

https://stockflow.media/?cat=Microscopic&sub=Pollen&collection=Pine+Winged

#stockfootage #royaltyfree #microscopy #science #biology",Pine Winged_W_Facebook,https://storage.googleapis.com/stockflow-social/Batch01/Montages/W/Microscopic_Pollen_Pine-Winged_W.mp4,Microscopic,Nmediaservices,2026-04-08 9:00
"Pine Winged Form

Premium microscopic stock footage -- 4K video and 8K images.
Royalty-free. Instant download.

https://stockflow.media/?cat=Microscopic&sub=Pollen&collection=Pine+Winged+Form

#stockfootage #royaltyfree #microscopy #science #biology",Pine Winged Form_W_Facebook,https://storage.googleapis.com/stockflow-social/Batch01/Montages/W/Microscopic_Pollen_Pine-Winged-Form_W.mp4,Microscopic,Nmediaservices,2026-04-08 10:00
"Peanut Hex Surface

Premium microscopic stock footage -- 4K video and 8K images.
Royalty-free. Instant download.

https://stockflow.media/?cat=Microscopic&sub=Pollen&collection=Peanut+Hex+Surface

#stockfootage #royaltyfree #microscopy #science #biology",Peanut Hex Surface_W_Facebook,https://storage.googleapis.com/stockflow-social/Batch01/Montages/W/Microscopic_Pollen_Peanut-Hex-Surface_W.mp4,Microscopic,Nmediaservices,2026-04-09 8:00
"Orchid Pollinium

Premium microscopic stock footage -- 4K video and 8K images.
Royalty-free. Instant download.

https://stockflow.media/?cat=Microscopic&sub=Pollen&collection=Orchid+Pollinium

#stockfootage #royaltyfree #microscopy #science #biology",Orchid Pollinium_W_Facebook,https://storage.googleapis.com/stockflow-social/Batch01/Montages/W/Microscopic_Pollen_Orchid-Pollinium_W.mp4,Microscopic,Nmediaservices,2026-04-09 9:00
"Orchid Pollinium Smooth Shine

Premium microscopic stock footage -- 4K video and 8K images.
Royalty-free. Instant download.

https://stockflow.media/?cat=Microscopic&sub=Pollen&collection=Orchid+Pollinium+Smooth+Shine

#stockfootage #royaltyfree #microscopy #science #biology",Orchid Pollinium Smooth Shine_W_Facebook,https://storage.googleapis.com/stockflow-social/Batch01/Montages/W/Microscopic_Pollen_Orchid-Pollinium-Smooth-Shine_W.mp4,Microscopic,Nmediaservices,2026-04-09 10:00
"Lotus Starburst

Premium microscopic stock footage -- 4K video and 8K images.
Royalty-free. Instant download.

https://stockflow.media/?cat=Microscopic&sub=Pollen&collection=Lotus+Starburst

#stockfootage #royaltyfree #microscopy #science #biology",Lotus Starburst_W_Facebook,https://storage.googleapis.com/stockflow-social/Batch01/Montages/W/Microscopic_Pollen_Lotus-Starburst_W.mp4,Microscopic,Nmediaservices,2026-04-10 8:00
"Lavender

Premium microscopic stock footage -- 4K video and 8K images.
Royalty-free. Instant download.

https://stockflow.media/?cat=Microscopic&sub=Pollen&collection=Lavender

#stockfootage #royaltyfree #microscopy #science #biology",Lavender_W_Facebook,https://storage.googleapis.com/stockflow-social/Batch01/Montages/W/Microscopic_Pollen_Lavender_W.mp4,Microscopic,Nmediaservices,2026-04-10 9:00
"Lotus Fluorescent Starbur St

Premium microscopic stock footage -- 4K video and 8K images.
Royalty-free. Instant download.

https://stockflow.media/?cat=Microscopic&sub=Pollen&collection=Lotus+Fluorescent+Starbur+St

#stockfootage #royaltyfree #microscopy #science #biology",Lotus Fluorescent Starbur St_W_Facebook,https://storage.googleapis.com/stockflow-social/Batch01/Montages/W/Microscopic_Pollen_Lotus-Fluorescent-Starbur-St_W.mp4,Microscopic,Nmediaservices,2026-04-10 10:00
"Grass Mesh Structure

Premium microscopic stock footage -- 4K video and 8K images.
Royalty-free. Instant download.

https://stockflow.media/?cat=Microscopic&sub=Pollen&collection=Grass+Mesh+Structure

#stockfootage #royaltyfree #microscopy #science #biology",Grass Mesh Structure_W_Facebook,https://storage.googleapis.com/stockflow-social/Batch01/Montages/W/Microscopic_Pollen_Grass-Mesh-Structure_W.mp4,Microscopic,Nmediaservices,2026-04-11 8:00
"Lavender Dreamy Coating

Premium microscopic stock footage -- 4K video and 8K images.
Royalty-free. Instant download.

https://stockflow.media/?cat=Microscopic&sub=Pollen&collection=Lavender+Dreamy+Coating

#stockfootage #royaltyfree #microscopy #science #biology",Lavender Dreamy Coating_W_Facebook,https://storage.googleapis.com/stockflow-social/Batch01/Montages/W/Microscopic_Pollen_Lavender-Dreamy-Coating_W.mp4,Microscopic,Nmediaservices,2026-04-11 9:00
"Dandelion

Premium microscopic stock footage -- 4K video and 8K images.
Royalty-free. Instant download.

https://stockflow.media/?cat=Microscopic&sub=Pollen&collection=Dandelion

#stockfootage #royaltyfree #microscopy #science #biology",Dandelion_W_Facebook,https://storage.googleapis.com/stockflow-social/Batch01/Montages/W/Microscopic_Pollen_Dandelion_W.mp4,Microscopic,Nmediaservices,2026-04-11 10:00
"Worm

Premium microscopic stock footage -- 4K video and 8K images.
Royalty-free. Instant download.

https://stockflow.media/?cat=Microscopic&sub=Parasite&collection=Worm

#stockfootage #royaltyfree #microscopy #science #biology",Worm_W_Facebook,https://storage.googleapis.com/stockflow-social/Batch01/Montages/W/Microscopic_Parasite_Worm_W.mp4,Microscopic,Nmediaservices,2026-04-12 8:00
"Trypanosoma

Premium microscopic stock footage -- 4K video and 8K images.
Royalty-free. Instant download.

https://stockflow.media/?cat=Microscopic&sub=Parasite&collection=Trypanosoma

#stockfootage #royaltyfree #microscopy #science #biology",Trypanosoma_W_Facebook,https://storage.googleapis.com/stockflow-social/Batch01/Montages/W/Microscopic_Parasite_Trypanosoma_W.mp4,Microscopic,Nmediaservices,2026-04-12 9:00
"Toxoplasma Gondii

Premium microscopic stock footage -- 4K video and 8K images.
Royalty-free. Instant download.

https://stockflow.media/?cat=Microscopic&sub=Parasite&collection=Toxoplasma+Gondii

#stockfootage #royaltyfree #microscopy #science #biology",Toxoplasma Gondii_W_Facebook,https://storage.googleapis.com/stockflow-social/Batch01/Montages/W/Microscopic_Parasite_Toxoplasma-Gondii_W.mp4,Microscopic,Nmediaservices,2026-04-12 10:00
"Plasmodium

Premium microscopic stock footage -- 4K video and 8K images.
Royalty-free. Instant download.

https://stockflow.media/?cat=Microscopic&sub=Parasite&collection=Plasmodium

#stockfootage #royaltyfree #microscopy #science #biology",Plasmodium_W_Facebook,https://storage.googleapis.com/stockflow-social/Batch01/Montages/W/Microscopic_Parasite_Plasmodium_W.mp4,Microscopic,Nmediaservices,2026-04-13 8:00
"Parasite Montage

Premium microscopic stock footage -- 4K video and 8K images.
Royalty-free. Instant download.

https://stockflow.media/?cat=Microscopic&sub=Parasite&collection=Parasite+Montage

#stockfootage #royaltyfree #microscopy #science #biology",Parasite Montage_W_Facebook,https://storage.googleapis.com/stockflow-social/Batch01/Montages/W/Microscopic_Parasite_Parasite-Montage_W.mp4,Microscopic,Nmediaservices,2026-04-13 9:00
"Parasitetimeline

Premium microscopic stock footage -- 4K video and 8K images.
Royalty-free. Instant download.

https://stockflow.media/?cat=Microscopic&sub=Parasite&collection=Parasitetimeline

#stockfootage #royaltyfree #microscopy #science #biology",Parasitetimeline_W_Facebook,https://storage.googleapis.com/stockflow-social/Batch01/Montages/W/Microscopic_Parasite_Parasitetimeline_W.mp4,Microscopic,Nmediaservices,2026-04-13 10:00
"Parasite

Premium microscopic stock footage -- 4K video and 8K images.
Royalty-free. Instant download.

https://stockflow.media/?cat=Microscopic&sub=Parasite&collection=Parasite

#stockfootage #royaltyfree #microscopy #science #biology",Parasite_W_Facebook,https://storage.googleapis.com/stockflow-social/Batch01/Montages/W/Microscopic_Parasite_Parasite_W.mp4,Microscopic,Nmediaservices,2026-04-14 8:00
"Leishmania

Premium microscopic stock footage -- 4K video and 8K images.
Royalty-free. Instant download.

https://stockflow.media/?cat=Microscopic&sub=Parasite&collection=Leishmania

#stockfootage #royaltyfree #microscopy #science #biology",Leishmania_W_Facebook,https://storage.googleapis.com/stockflow-social/Batch01/Montages/W/Microscopic_Parasite_Leishmania_W.mp4,Microscopic,Nmediaservices,2026-04-14 9:00
"Giardia Lamblia

Premium microscopic stock footage -- 4K video and 8K images.
Royalty-free. Instant download.

https://stockflow.media/?cat=Microscopic&sub=Parasite&collection=Giardia+Lamblia

#stockfootage #royaltyfree #microscopy #science #biology",Giardia Lamblia_W_Facebook,https://storage.googleapis.com/stockflow-social/Batch01/Montages/W/Microscopic_Parasite_Giardia-Lamblia_W.mp4,Microscopic,Nmediaservices,2026-04-14 10:00
"Flatworm Larvae

Premium microscopic stock footage -- 4K video and 8K images.
Royalty-free. Instant download.

https://stockflow.media/?cat=Microscopic&sub=Parasite&collection=Flatworm+Larvae

#stockfootage #royaltyfree #microscopy #science #biology",Flatworm Larvae_W_Facebook,https://storage.googleapis.com/stockflow-social/Batch01/Montages/W/Microscopic_Parasite_Flatworm-Larvae_W.mp4,Microscopic,Nmediaservices,2026-04-15 8:00
"Cryptosporidium

Premium microscopic stock footage -- 4K video and 8K images.
Royalty-free. Instant download.

https://stockflow.media/?cat=Microscopic&sub=Parasite&collection=Cryptosporidium

#stockfootage #royaltyfree #microscopy #science #biology",Cryptosporidium_W_Facebook,https://storage.googleapis.com/stockflow-social/Batch01/Montages/W/Microscopic_Parasite_Cryptosporidium_W.mp4,Microscopic,Nmediaservices,2026-04-15 9:00
"Close Up

Premium microscopic stock footage -- 4K video and 8K images.
Royalty-free. Instant download.

https://stockflow.media/?cat=Microscopic&sub=Parasite&collection=Close+Up

#stockfootage #royaltyfree #microscopy #science #biology",Close Up_W_Facebook,https://storage.googleapis.com/stockflow-social/Batch01/Montages/W/Microscopic_Parasite_Close-Up_W.mp4,Microscopic,Nmediaservices,2026-04-15 10:00
"Organism Montage

Premium microscopic stock footage -- 4K video and 8K images.
Royalty-free. Instant download.

https://stockflow.media/?cat=Microscopic&sub=Organism&collection=Organism+Montage

#stockfootage #royaltyfree #microscopy #science #biology",Organism Montage_W_Facebook,https://storage.googleapis.com/stockflow-social/Batch01/Montages/W/Microscopic_Organism_Organism-Montage_W.mp4,Microscopic,Nmediaservices,2026-04-16 8:00
"Alien Like

Premium microscopic stock footage -- 4K video and 8K images.
Royalty-free. Instant download.

https://stockflow.media/?cat=Microscopic&sub=Organism&collection=Alien+Like

#stockfootage #royaltyfree #microscopy #science #biology",Alien Like_W_Facebook,https://storage.googleapis.com/stockflow-social/Batch01/Montages/W/Microscopic_Organism_Alien-Like_W.mp4,Microscopic,Nmediaservices,2026-04-16 9:00
"Spherical Nucleus

Premium microscopic stock footage -- 4K video and 8K images.
Royalty-free. Instant download.

https://stockflow.media/?cat=Microscopic&sub=Nucleus&collection=Spherical+Nucleus

#stockfootage #royaltyfree #microscopy #science #biology",Spherical Nucleus_W_Facebook,https://storage.googleapis.com/stockflow-social/Batch01/Montages/W/Microscopic_Nucleus_Spherical-Nucleus_W.mp4,Microscopic,Nmediaservices,2026-04-16 10:00
"Nucleus Montage

Premium microscopic stock footage -- 4K video and 8K images.
Royalty-free. Instant download.

https://stockflow.media/?cat=Microscopic&sub=Nucleus&collection=Nucleus+Montage

#stockfootage #royaltyfree #microscopy #science #biology",Nucleus Montage_W_Facebook,https://storage.googleapis.com/stockflow-social/Batch01/Montages/W/Microscopic_Nucleus_Nucleus-Montage_W.mp4,Microscopic,Nmediaservices,2026-04-17 8:00
"Micro

Premium microscopic stock footage -- 4K video and 8K images.
Royalty-free. Instant download.

https://stockflow.media/?cat=Microscopic&sub=Nucleus&collection=Micro

#stockfootage #royaltyfree #microscopy #science #biology",Micro_W_Facebook,https://storage.googleapis.com/stockflow-social/Batch01/Montages/W/Microscopic_Nucleus_Micro_W.mp4,Microscopic,Nmediaservices,2026-04-17 9:00
"Spinalcord

Premium microscopic stock footage -- 4K video and 8K images.
Royalty-free. Instant download.

https://stockflow.media/?cat=Microscopic&sub=Neuropathology&collection=Spinalcord

#stockfootage #royaltyfree #microscopy #science #biology",Spinalcord_W_Facebook,https://storage.googleapis.com/stockflow-social/Batch01/Montages/W/Microscopic_Neuropathology_Spinalcord_W.mp4,Microscopic,Nmediaservices,2026-04-17 10:00
"Spinal Cord

Premium microscopic stock footage -- 4K video and 8K images.
Royalty-free. Instant download.

https://stockflow.media/?cat=Microscopic&sub=Neuropathology&collection=Spinal+Cord

#stockfootage #royaltyfree #microscopy #science #biology",Spinal Cord_W_Facebook,https://storage.googleapis.com/stockflow-social/Batch01/Montages/W/Microscopic_Neuropathology_Spinal-Cord_W.mp4,Microscopic,Nmediaservices,2026-04-18 8:00
"Parkinson

Premium microscopic stock footage -- 4K video and 8K images.
Royalty-free. Instant download.

https://stockflow.media/?cat=Microscopic&sub=Neuropathology&collection=Parkinson

#stockfootage #royaltyfree #microscopy #science #biology",Parkinson_W_Facebook,https://storage.googleapis.com/stockflow-social/Batch01/Montages/W/Microscopic_Neuropathology_Parkinson_W.mp4,Microscopic,Nmediaservices,2026-04-18 9:00
"Neuropathology Montage

Premium microscopic stock footage -- 4K video and 8K images.
Royalty-free. Instant download.

https://stockflow.media/?cat=Microscopic&sub=Neuropathology&collection=Neuropathology+Montage

#stockfootage #royaltyfree #microscopy #science #biology",Neuropathology Montage_W_Facebook,https://storage.googleapis.com/stockflow-social/Batch01/Montages/W/Microscopic_Neuropathology_Neuropathology-Montage_W.mp4,Microscopic,Nmediaservices,2026-04-18 10:00
"Neuroblastoma

Premium microscopic stock footage -- 4K video and 8K images.
Royalty-free. Instant download.

https://stockflow.media/?cat=Microscopic&sub=Neuropathology&collection=Neuroblastoma

#stockfootage #royaltyfree #microscopy #science #biology",Neuroblastoma_W_Facebook,https://storage.googleapis.com/stockflow-social/Batch01/Montages/W/Microscopic_Neuropathology_Neuroblastoma_W.mp4,Microscopic,Nmediaservices,2026-04-19 8:00
"Multiplesclerosis

Premium microscopic stock footage -- 4K video and 8K images.
Royalty-free. Instant download.

https://stockflow.media/?cat=Microscopic&sub=Neuropathology&collection=Multiplesclerosis

#stockfootage #royaltyfree #microscopy #science #biology",Multiplesclerosis_W_Facebook,https://storage.googleapis.com/stockflow-social/Batch01/Montages/W/Microscopic_Neuropathology_Multiplesclerosis_W.mp4,Microscopic,Nmediaservices,2026-04-19 9:00
"Multiple Sclerosis

Premium microscopic stock footage -- 4K video and 8K images.
Royalty-free. Instant download.

https://stockflow.media/?cat=Microscopic&sub=Neuropathology&collection=Multiple+Sclerosis

#stockfootage #royaltyfree #microscopy #science #biology",Multiple Sclerosis_W_Facebook,https://storage.googleapis.com/stockflow-social/Batch01/Montages/W/Microscopic_Neuropathology_Multiple-Sclerosis_W.mp4,Microscopic,Nmediaservices,2026-04-19 10:00
"Alzheimer

Premium microscopic stock footage -- 4K video and 8K images.
Royalty-free. Instant download.

https://stockflow.media/?cat=Microscopic&sub=Neuropathology&collection=Alzheimer

#stockfootage #royaltyfree #microscopy #science #biology",Alzheimer_W_Facebook,https://storage.googleapis.com/stockflow-social/Batch01/Montages/W/Microscopic_Neuropathology_Alzheimer_W.mp4,Microscopic,Nmediaservices,2026-04-20 8:00
"Micro Montage

Premium microscopic stock footage -- 4K video and 8K images.
Royalty-free. Instant download.

https://stockflow.media/?cat=Microscopic&sub=Micro&collection=Micro+Montage

#stockfootage #royaltyfree #microscopy #science #biology",Micro Montage_W_Facebook,https://storage.googleapis.com/stockflow-social/Batch01/Montages/W/Microscopic_Micro_Micro-Montage_W.mp4,Microscopic,Nmediaservices,2026-04-20 9:00
"Tuberculosis

Premium microscopic stock footage -- 4K video and 8K images.
Royalty-free. Instant download.

https://stockflow.media/?cat=Microscopic&sub=Infectious&collection=Tuberculosis

#stockfootage #royaltyfree #microscopy #science #biology",Tuberculosis_W_Facebook,https://storage.googleapis.com/stockflow-social/Batch01/Montages/W/Microscopic_Infectious_Tuberculosis_W.mp4,Microscopic,Nmediaservices,2026-04-20 10:00
"Toxoplasma

Premium microscopic stock footage -- 4K video and 8K images.
Royalty-free. Instant download.

https://stockflow.media/?cat=Microscopic&sub=Infectious&collection=Toxoplasma

#stockfootage #royaltyfree #microscopy #science #biology",Toxoplasma_W_Facebook,https://storage.googleapis.com/stockflow-social/Batch01/Montages/W/Microscopic_Infectious_Toxoplasma_W.mp4,Microscopic,Nmediaservices,2026-04-21 8:00
"Schistosoma

Premium microscopic stock footage -- 4K video and 8K images.
Royalty-free. Instant download.

https://stockflow.media/?cat=Microscopic&sub=Infectious&collection=Schistosoma

#stockfootage #royaltyfree #microscopy #science #biology",Schistosoma_W_Facebook,https://storage.googleapis.com/stockflow-social/Batch01/Montages/W/Microscopic_Infectious_Schistosoma_W.mp4,Microscopic,Nmediaservices,2026-04-21 9:00
"Infectious Montage

Premium microscopic stock footage -- 4K video and 8K images.
Royalty-free. Instant download.

https://stockflow.media/?cat=Microscopic&sub=Infectious&collection=Infectious+Montage

#stockfootage #royaltyfree #microscopy #science #biology",Infectious Montage_W_Facebook,https://storage.googleapis.com/stockflow-social/Batch01/Montages/W/Microscopic_Infectious_Infectious-Montage_W.mp4,Microscopic,Nmediaservices,2026-04-21 10:00
"Hepatitis

Premium microscopic stock footage -- 4K video and 8K images.
Royalty-free. Instant download.

https://stockflow.media/?cat=Microscopic&sub=Infectious&collection=Hepatitis

#stockfootage #royaltyfree #microscopy #science #biology",Hepatitis_W_Facebook,https://storage.googleapis.com/stockflow-social/Batch01/Montages/W/Microscopic_Infectious_Hepatitis_W.mp4,Microscopic,Nmediaservices,2026-04-22 8:00
"Fungal

Premium microscopic stock footage -- 4K video and 8K images.
Royalty-free. Instant download.

https://stockflow.media/?cat=Microscopic&sub=Infectious&collection=Fungal

#stockfootage #royaltyfree #microscopy #science #biology",Fungal_W_Facebook,https://storage.googleapis.com/stockflow-social/Batch01/Montages/W/Microscopic_Infectious_Fungal_W.mp4,Microscopic,Nmediaservices,2026-04-22 9:00
"Hyphae Montage

Premium microscopic stock footage -- 4K video and 8K images.
Royalty-free. Instant download.

https://stockflow.media/?cat=Microscopic&sub=Hyphae&collection=Hyphae+Montage

#stockfootage #royaltyfree #microscopy #science #biology",Hyphae Montage_W_Facebook,https://storage.googleapis.com/stockflow-social/Batch01/Montages/W/Microscopic_Hyphae_Hyphae-Montage_W.mp4,Microscopic,Nmediaservices,2026-04-22 10:00
"Hyphae

Premium microscopic stock footage -- 4K video and 8K images.
Royalty-free. Instant download.

https://stockflow.media/?cat=Microscopic&sub=Hyphae&collection=Hyphae

#stockfootage #royaltyfree #microscopy #science #biology",Hyphae_W_Facebook,https://storage.googleapis.com/stockflow-social/Batch01/Montages/W/Microscopic_Hyphae_Hyphae_W.mp4,Microscopic,Nmediaservices,2026-04-23 8:00
"Psoriatic

Premium microscopic stock footage -- 4K video and 8K images.
Royalty-free. Instant download.

https://stockflow.media/?cat=Microscopic&sub=Histopathology&collection=Psoriatic

#stockfootage #royaltyfree #microscopy #science #biology",Psoriatic_W_Facebook,https://storage.googleapis.com/stockflow-social/Batch01/Montages/W/Microscopic_Histopathology_Psoriatic_W.mp4,Microscopic,Nmediaservices,2026-04-23 9:00
"Prostate

Premium microscopic stock footage -- 4K video and 8K images.
Royalty-free. Instant download.

https://stockflow.media/?cat=Microscopic&sub=Histopathology&collection=Prostate

#stockfootage #royaltyfree #microscopy #science #biology",Prostate_W_Facebook,https://storage.googleapis.com/stockflow-social/Batch01/Montages/W/Microscopic_Histopathology_Prostate_W.mp4,Microscopic,Nmediaservices,2026-04-23 10:00
"Lung Tissue

Premium microscopic stock footage -- 4K video and 8K images.
Royalty-free. Instant download.

https://stockflow.media/?cat=Microscopic&sub=Histopathology&collection=Lung+Tissue

#stockfootage #royaltyfree #microscopy #science #biology",Lung Tissue_W_Facebook,https://storage.googleapis.com/stockflow-social/Batch01/Montages/W/Microscopic_Histopathology_Lung-Tissue_W.mp4,Microscopic,Nmediaservices,2026-04-24 8:00
"Liver Cirrhosis

Premium microscopic stock footage -- 4K video and 8K images.
Royalty-free. Instant download.

https://stockflow.media/?cat=Microscopic&sub=Histopathology&collection=Liver+Cirrhosis

#stockfootage #royaltyfree #microscopy #science #biology",Liver Cirrhosis_W_Facebook,https://storage.googleapis.com/stockflow-social/Batch01/Montages/W/Microscopic_Histopathology_Liver-Cirrhosis_W.mp4,Microscopic,Nmediaservices,2026-04-24 9:00
"Kidney

Premium microscopic stock footage -- 4K video and 8K images.
Royalty-free. Instant download.

https://stockflow.media/?cat=Microscopic&sub=Histopathology&collection=Kidney

#stockfootage #royaltyfree #microscopy #science #biology",Kidney_W_Facebook,https://storage.googleapis.com/stockflow-social/Batch01/Montages/W/Microscopic_Histopathology_Kidney_W.mp4,Microscopic,Nmediaservices,2026-04-24 10:00
"Histopathology Montage

Premium microscopic stock footage -- 4K video and 8K images.
Royalty-free. Instant download.

https://stockflow.media/?cat=Microscopic&sub=Histopathology&collection=Histopathology+Montage

#stockfootage #royaltyfree #microscopy #science #biology",Histopathology Montage_W_Facebook,https://storage.googleapis.com/stockflow-social/Batch01/Montages/W/Microscopic_Histopathology_Histopathology-Montage_W.mp4,Microscopic,Nmediaservices,2026-04-25 8:00
"Glioblastoma

Premium microscopic stock footage -- 4K video and 8K images.
Royalty-free. Instant download.

https://stockflow.media/?cat=Microscopic&sub=Histopathology&collection=Glioblastoma

#stockfootage #royaltyfree #microscopy #science #biology",Glioblastoma_W_Facebook,https://storage.googleapis.com/stockflow-social/Batch01/Montages/W/Microscopic_Histopathology_Glioblastoma_W.mp4,Microscopic,Nmediaservices,2026-04-25 9:00
"Colon Polyp

Premium microscopic stock footage -- 4K video and 8K images.
Royalty-free. Instant download.

https://stockflow.media/?cat=Microscopic&sub=Histopathology&collection=Colon+Polyp

#stockfootage #royaltyfree #microscopy #science #biology",Colon Polyp_W_Facebook,https://storage.googleapis.com/stockflow-social/Batch01/Montages/W/Microscopic_Histopathology_Colon-Polyp_W.mp4,Microscopic,Nmediaservices,2026-04-25 10:00
"Cervical Cells

Premium microscopic stock footage -- 4K video and 8K images.
Royalty-free. Instant download.

https://stockflow.media/?cat=Microscopic&sub=Histopathology&collection=Cervical+Cells

#stockfootage #royaltyfree #microscopy #science #biology",Cervical Cells_W_Facebook,https://storage.googleapis.com/stockflow-social/Batch01/Montages/W/Microscopic_Histopathology_Cervical-Cells_W.mp4,Microscopic,Nmediaservices,2026-04-26 8:00
"Breast Cancer

Premium microscopic stock footage -- 4K video and 8K images.
Royalty-free. Instant download.

https://stockflow.media/?cat=Microscopic&sub=Histopathology&collection=Breast+Cancer

#stockfootage #royaltyfree #microscopy #science #biology",Breast Cancer_W_Facebook,https://storage.googleapis.com/stockflow-social/Batch01/Montages/W/Microscopic_Histopathology_Breast-Cancer_W.mp4,Microscopic,Nmediaservices,2026-04-26 9:00
"Sickle Cell

Premium microscopic stock footage -- 4K video and 8K images.
Royalty-free. Instant download.

https://stockflow.media/?cat=Microscopic&sub=Hematology&collection=Sickle+Cell

#stockfootage #royaltyfree #microscopy #science #biology",Sickle Cell_W_Facebook,https://storage.googleapis.com/stockflow-social/Batch01/Montages/W/Microscopic_Hematology_Sickle-Cell_W.mp4,Microscopic,Nmediaservices,2026-04-26 10:00
"Iron Deficieny

Premium microscopic stock footage -- 4K video and 8K images.
Royalty-free. Instant download.

https://stockflow.media/?cat=Microscopic&sub=Hematology&collection=Iron+Deficieny

#stockfootage #royaltyfree #microscopy #science #biology",Iron Deficieny_W_Facebook,https://storage.googleapis.com/stockflow-social/Batch01/Montages/W/Microscopic_Hematology_Iron-Deficieny_W.mp4,Microscopic,Nmediaservices,2026-04-27 8:00
"Hematology Montage

Premium microscopic stock footage -- 4K video and 8K images.
Royalty-free. Instant download.

https://stockflow.media/?cat=Microscopic&sub=Hematology&collection=Hematology+Montage

#stockfootage #royaltyfree #microscopy #science #biology",Hematology Montage_W_Facebook,https://storage.googleapis.com/stockflow-social/Batch01/Montages/W/Microscopic_Hematology_Hematology-Montage_W.mp4,Microscopic,Nmediaservices,2026-04-27 9:00
"Hematology

Premium microscopic stock footage -- 4K video and 8K images.
Royalty-free. Instant download.

https://stockflow.media/?cat=Microscopic&sub=Hematology&collection=Hematology

#stockfootage #royaltyfree #microscopy #science #biology",Hematology_W_Facebook,https://storage.googleapis.com/stockflow-social/Batch01/Montages/W/Microscopic_Hematology_Hematology_W.mp4,Microscopic,Nmediaservices,2026-04-27 10:00
"Zygomycete

Premium microscopic stock footage -- 4K video and 8K images.
Royalty-free. Instant download.

https://stockflow.media/?cat=Microscopic&sub=Fungi&collection=Zygomycete

#stockfootage #royaltyfree #microscopy #science #biology",Zygomycete_W_Facebook,https://storage.googleapis.com/stockflow-social/Batch01/Montages/W/Microscopic_Fungi_Zygomycete_W.mp4,Microscopic,Nmediaservices,2026-04-28 8:00
"Yeast Cells

Premium microscopic stock footage -- 4K video and 8K images.
Royalty-free. Instant download.

https://stockflow.media/?cat=Microscopic&sub=Fungi&collection=Yeast+Cells

#stockfootage #royaltyfree #microscopy #science #biology",Yeast Cells_W_Facebook,https://storage.googleapis.com/stockflow-social/Batch01/Montages/W/Microscopic_Fungi_Yeast-Cells_W.mp4,Microscopic,Nmediaservices,2026-04-28 9:00
"Sporangia

Premium microscopic stock footage -- 4K video and 8K images.
Royalty-free. Instant download.

https://stockflow.media/?cat=Microscopic&sub=Fungi&collection=Sporangia

#stockfootage #royaltyfree #microscopy #science #biology",Sporangia_W_Facebook,https://storage.googleapis.com/stockflow-social/Batch01/Montages/W/Microscopic_Fungi_Sporangia_W.mp4,Microscopic,Nmediaservices,2026-04-28 10:00
"Pathogenic

Premium microscopic stock footage -- 4K video and 8K images.
Royalty-free. Instant download.

https://stockflow.media/?cat=Microscopic&sub=Fungi&collection=Pathogenic

#stockfootage #royaltyfree #microscopy #science #biology",Pathogenic_W_Facebook,https://storage.googleapis.com/stockflow-social/Batch01/Montages/W/Microscopic_Fungi_Pathogenic_W.mp4,Microscopic,Nmediaservices,2026-04-29 8:00
"Mycelium

Premium microscopic stock footage -- 4K video and 8K images.
Royalty-free. Instant download.

https://stockflow.media/?cat=Microscopic&sub=Fungi&collection=Mycelium

#stockfootage #royaltyfree #microscopy #science #biology",Mycelium_W_Facebook,https://storage.googleapis.com/stockflow-social/Batch01/Montages/W/Microscopic_Fungi_Mycelium_W.mp4,Microscopic,Nmediaservices,2026-04-29 9:00
"Lichen

Premium microscopic stock footage -- 4K video and 8K images.
Royalty-free. Instant download.

https://stockflow.media/?cat=Microscopic&sub=Fungi&collection=Lichen

#stockfootage #royaltyfree #microscopy #science #biology",Lichen_W_Facebook,https://storage.googleapis.com/stockflow-social/Batch01/Montages/W/Microscopic_Fungi_Lichen_W.mp4,Microscopic,Nmediaservices,2026-04-29 10:00
"Fungi Montage

Premium microscopic stock footage -- 4K video and 8K images.
Royalty-free. Instant download.

https://stockflow.media/?cat=Microscopic&sub=Fungi&collection=Fungi+Montage

#stockfootage #royaltyfree #microscopy #science #biology",Fungi Montage_W_Facebook,https://storage.googleapis.com/stockflow-social/Batch01/Montages/W/Microscopic_Fungi_Fungi-Montage_W.mp4,Microscopic,Nmediaservices,2026-04-30 8:00
"Fungi

Premium microscopic stock footage -- 4K video and 8K images.
Royalty-free. Instant download.

https://stockflow.media/?cat=Microscopic&sub=Fungi&collection=Fungi

#stockfootage #royaltyfree #microscopy #science #biology",Fungi_W_Facebook,https://storage.googleapis.com/stockflow-social/Batch01/Montages/W/Microscopic_Fungi_Fungi_W.mp4,Microscopic,Nmediaservices,2026-04-30 9:00
"Decay

Premium microscopic stock footage -- 4K video and 8K images.
Royalty-free. Instant download.

https://stockflow.media/?cat=Microscopic&sub=Fungi&collection=Decay

#stockfootage #royaltyfree #microscopy #science #biology",Decay_W_Facebook,https://storage.googleapis.com/stockflow-social/Batch01/Montages/W/Microscopic_Fungi_Decay_W.mp4,Microscopic,Nmediaservices,2026-04-30 10:00
"Basidiospores

Premium microscopic stock footage -- 4K video and 8K images.
Royalty-free. Instant download.

https://stockflow.media/?cat=Microscopic&sub=Fungi&collection=Basidiospores

#stockfootage #royaltyfree #microscopy #science #biology",Basidiospores_W_Facebook,https://storage.googleapis.com/stockflow-social/Batch01/Montages/W/Microscopic_Fungi_Basidiospores_W.mp4,Microscopic,Nmediaservices,2026-05-01 8:00
"Algal Cells

Premium microscopic stock footage -- 4K video and 8K images.
Royalty-free. Instant download.

https://stockflow.media/?cat=Microscopic&sub=Fungi&collection=Algal+Cells

#stockfootage #royaltyfree #microscopy #science #biology",Algal Cells_W_Facebook,https://storage.googleapis.com/stockflow-social/Batch01/Montages/W/Microscopic_Fungi_Algal-Cells_W.mp4,Microscopic,Nmediaservices,2026-05-01 9:00
"Yeast And Mold

Premium microscopic stock footage -- 4K video and 8K images.
Royalty-free. Instant download.

https://stockflow.media/?cat=Microscopic&sub=Food+Fungi&collection=Yeast+And+Mold

#stockfootage #royaltyfree #microscopy #science #biology",Yeast And Mold_W_Facebook,https://storage.googleapis.com/stockflow-social/Batch01/Montages/W/Microscopic_Food-Fungi_Yeast-And-Mold_W.mp4,Microscopic,Nmediaservices,2026-05-01 10:00
"Rhizopus

Premium microscopic stock footage -- 4K video and 8K images.
Royalty-free. Instant download.

https://stockflow.media/?cat=Microscopic&sub=Food+Fungi&collection=Rhizopus

#stockfootage #royaltyfree #microscopy #science #biology",Rhizopus_W_Facebook,https://storage.googleapis.com/stockflow-social/Batch01/Montages/W/Microscopic_Food-Fungi_Rhizopus_W.mp4,Microscopic,Nmediaservices,2026-05-02 8:00
"Rhizopus Sporangia

Premium microscopic stock footage -- 4K video and 8K images.
Royalty-free. Instant download.

https://stockflow.media/?cat=Microscopic&sub=Food+Fungi&collection=Rhizopus+Sporangia

#stockfootage #royaltyfree #microscopy #science #biology",Rhizopus Sporangia_W_Facebook,https://storage.googleapis.com/stockflow-social/Batch01/Montages/W/Microscopic_Food-Fungi_Rhizopus-Sporangia_W.mp4,Microscopic,Nmediaservices,2026-05-02 9:00
"Penicillium

Premium microscopic stock footage -- 4K video and 8K images.
Royalty-free. Instant download.

https://stockflow.media/?cat=Microscopic&sub=Food+Fungi&collection=Penicillium

#stockfootage #royaltyfree #microscopy #science #biology",Penicillium_W_Facebook,https://storage.googleapis.com/stockflow-social/Batch01/Montages/W/Microscopic_Food-Fungi_Penicillium_W.mp4,Microscopic,Nmediaservices,2026-05-02 10:00
"Penicillium Mold

Premium microscopic stock footage -- 4K video and 8K images.
Royalty-free. Instant download.

https://stockflow.media/?cat=Microscopic&sub=Food+Fungi&collection=Penicillium+Mold

#stockfootage #royaltyfree #microscopy #science #biology",Penicillium Mold_W_Facebook,https://storage.googleapis.com/stockflow-social/Batch01/Montages/W/Microscopic_Food-Fungi_Penicillium-Mold_W.mp4,Microscopic,Nmediaservices,2026-05-03 8:00
"Mold Growth

Premium microscopic stock footage -- 4K video and 8K images.
Royalty-free. Instant download.

https://stockflow.media/?cat=Microscopic&sub=Food+Fungi&collection=Mold+Growth

#stockfootage #royaltyfree #microscopy #science #biology",Mold Growth_W_Facebook,https://storage.googleapis.com/stockflow-social/Batch01/Montages/W/Microscopic_Food-Fungi_Mold-Growth_W.mp4,Microscopic,Nmediaservices,2026-05-03 9:00
"Fungal Penetration

Premium microscopic stock footage -- 4K video and 8K images.
Royalty-free. Instant download.

https://stockflow.media/?cat=Microscopic&sub=Food+Fungi&collection=Fungal+Penetration

#stockfootage #royaltyfree #microscopy #science #biology",Fungal Penetration_W_Facebook,https://storage.googleapis.com/stockflow-social/Batch01/Montages/W/Microscopic_Food-Fungi_Fungal-Penetration_W.mp4,Microscopic,Nmediaservices,2026-05-03 10:00
"Fungal Ecosystem

Premium microscopic stock footage -- 4K video and 8K images.
Royalty-free. Instant download.

https://stockflow.media/?cat=Microscopic&sub=Food+Fungi&collection=Fungal+Ecosystem

#stockfootage #royaltyfree #microscopy #science #biology",Fungal Ecosystem_W_Facebook,https://storage.googleapis.com/stockflow-social/Batch01/Montages/W/Microscopic_Food-Fungi_Fungal-Ecosystem_W.mp4,Microscopic,Nmediaservices,2026-05-04 8:00
"Food Fungi Montage

Premium microscopic stock footage -- 4K video and 8K images.
Royalty-free. Instant download.

https://stockflow.media/?cat=Microscopic&sub=Food+Fungi&collection=Food+Fungi+Montage

#stockfootage #royaltyfree #microscopy #science #biology",Food Fungi Montage_W_Facebook,https://storage.googleapis.com/stockflow-social/Batch01/Montages/W/Microscopic_Food-Fungi_Food-Fungi-Montage_W.mp4,Microscopic,Nmediaservices,2026-05-04 9:00
"Food Fungi

Premium microscopic stock footage -- 4K video and 8K images.
Royalty-free. Instant download.

https://stockflow.media/?cat=Microscopic&sub=Food+Fungi&collection=Food+Fungi

#stockfootage #royaltyfree #microscopy #science #biology",Food Fungi_W_Facebook,https://storage.googleapis.com/stockflow-social/Batch01/Montages/W/Microscopic_Food-Fungi_Food-Fungi_W.mp4,Microscopic,Nmediaservices,2026-05-04 10:00
"Extreme Close

Premium microscopic stock footage -- 4K video and 8K images.
Royalty-free. Instant download.

https://stockflow.media/?cat=Microscopic&sub=Food+Fungi&collection=Extreme+Close

#stockfootage #royaltyfree #microscopy #science #biology",Extreme Close_W_Facebook,https://storage.googleapis.com/stockflow-social/Batch01/Montages/W/Microscopic_Food-Fungi_Extreme-Close_W.mp4,Microscopic,Nmediaservices,2026-05-05 8:00
"Cross Sectional

Premium microscopic stock footage -- 4K video and 8K images.
Royalty-free. Instant download.

https://stockflow.media/?cat=Microscopic&sub=Food+Fungi&collection=Cross+Sectional

#stockfootage #royaltyfree #microscopy #science #biology",Cross Sectional_W_Facebook,https://storage.googleapis.com/stockflow-social/Batch01/Montages/W/Microscopic_Food-Fungi_Cross-Sectional_W.mp4,Microscopic,Nmediaservices,2026-05-05 9:00
"Colonizing

Premium microscopic stock footage -- 4K video and 8K images.
Royalty-free. Instant download.

https://stockflow.media/?cat=Microscopic&sub=Food+Fungi&collection=Colonizing

#stockfootage #royaltyfree #microscopy #science #biology",Colonizing_W_Facebook,https://storage.googleapis.com/stockflow-social/Batch01/Montages/W/Microscopic_Food-Fungi_Colonizing_W.mp4,Microscopic,Nmediaservices,2026-05-05 10:00
"Aspergillus

Premium microscopic stock footage -- 4K video and 8K images.
Royalty-free. Instant download.

https://stockflow.media/?cat=Microscopic&sub=Food+Fungi&collection=Aspergillus

#stockfootage #royaltyfree #microscopy #science #biology",Aspergillus_W_Facebook,https://storage.googleapis.com/stockflow-social/Batch01/Montages/W/Microscopic_Food-Fungi_Aspergillus_W.mp4,Microscopic,Nmediaservices,2026-05-06 8:00
"Aspergillus Fungi

Premium microscopic stock footage -- 4K video and 8K images.
Royalty-free. Instant download.

https://stockflow.media/?cat=Microscopic&sub=Food+Fungi&collection=Aspergillus+Fungi

#stockfootage #royaltyfree #microscopy #science #biology",Aspergillus Fungi_W_Facebook,https://storage.googleapis.com/stockflow-social/Batch01/Montages/W/Microscopic_Food-Fungi_Aspergillus-Fungi_W.mp4,Microscopic,Nmediaservices,2026-05-06 9:00
"Helix

Premium microscopic stock footage -- 4K video and 8K images.
Royalty-free. Instant download.

https://stockflow.media/?cat=Microscopic&sub=Dna&collection=Helix

#stockfootage #royaltyfree #microscopy #science #biology",Helix_W_Facebook,https://storage.googleapis.com/stockflow-social/Batch01/Montages/W/Microscopic_Dna_Helix_W.mp4,Microscopic,Nmediaservices,2026-05-06 10:00
"Dna Montage

Premium microscopic stock footage -- 4K video and 8K images.
Royalty-free. Instant download.

https://stockflow.media/?cat=Microscopic&sub=Dna&collection=Dna+Montage

#stockfootage #royaltyfree #microscopy #science #biology",Dna Montage_W_Facebook,https://storage.googleapis.com/stockflow-social/Batch01/Montages/W/Microscopic_Dna_Dna-Montage_W.mp4,Microscopic,Nmediaservices,2026-05-07 8:00
"Vitiligo

Premium microscopic stock footage -- 4K video and 8K images.
Royalty-free. Instant download.

https://stockflow.media/?cat=Microscopic&sub=Dermatopathology&collection=Vitiligo

#stockfootage #royaltyfree #microscopy #science #biology",Vitiligo_W_Facebook,https://storage.googleapis.com/stockflow-social/Batch01/Montages/W/Microscopic_Dermatopathology_Vitiligo_W.mp4,Microscopic,Nmediaservices,2026-05-07 9:00
"Squamous

Premium microscopic stock footage -- 4K video and 8K images.
Royalty-free. Instant download.

https://stockflow.media/?cat=Microscopic&sub=Dermatopathology&collection=Squamous

#stockfootage #royaltyfree #microscopy #science #biology",Squamous_W_Facebook,https://storage.googleapis.com/stockflow-social/Batch01/Montages/W/Microscopic_Dermatopathology_Squamous_W.mp4,Microscopic,Nmediaservices,2026-05-07 10:00
"Eczema

Premium microscopic stock footage -- 4K video and 8K images.
Royalty-free. Instant download.

https://stockflow.media/?cat=Microscopic&sub=Dermatopathology&collection=Eczema

#stockfootage #royaltyfree #microscopy #science #biology",Eczema_W_Facebook,https://storage.googleapis.com/stockflow-social/Batch01/Montages/W/Microscopic_Dermatopathology_Eczema_W.mp4,Microscopic,Nmediaservices,2026-05-08 8:00
"Dermatopathology Montage

Premium microscopic stock footage -- 4K video and 8K images.
Royalty-free. Instant download.

https://stockflow.media/?cat=Microscopic&sub=Dermatopathology&collection=Dermatopathology+Montage

#stockfootage #royaltyfree #microscopy #science #biology",Dermatopathology Montage_W_Facebook,https://storage.googleapis.com/stockflow-social/Batch01/Montages/W/Microscopic_Dermatopathology_Dermatopathology-Montage_W.mp4,Microscopic,Nmediaservices,2026-05-08 9:00
"Basal

Premium microscopic stock footage -- 4K video and 8K images.
Royalty-free. Instant download.

https://stockflow.media/?cat=Microscopic&sub=Dermatopathology&collection=Basal

#stockfootage #royaltyfree #microscopy #science #biology",Basal_W_Facebook,https://storage.googleapis.com/stockflow-social/Batch01/Montages/W/Microscopic_Dermatopathology_Basal_W.mp4,Microscopic,Nmediaservices,2026-05-08 10:00
"Plant Cell

Premium microscopic stock footage -- 4K video and 8K images.
Royalty-free. Instant download.

https://stockflow.media/?cat=Microscopic&sub=Cross+Section&collection=Plant+Cell

#stockfootage #royaltyfree #microscopy #science #biology",Plant Cell_W_Facebook,https://storage.googleapis.com/stockflow-social/Batch01/Montages/W/Microscopic_Cross-Section_Plant-Cell_W.mp4,Microscopic,Nmediaservices,2026-05-09 8:00
"Cross Section Montage

Premium microscopic stock footage -- 4K video and 8K images.
Royalty-free. Instant download.

https://stockflow.media/?cat=Microscopic&sub=Cross+Section&collection=Cross+Section+Montage

#stockfootage #royaltyfree #microscopy #science #biology",Cross Section Montage_W_Facebook,https://storage.googleapis.com/stockflow-social/Batch01/Montages/W/Microscopic_Cross-Section_Cross-Section-Montage_W.mp4,Microscopic,Nmediaservices,2026-05-09 9:00
"Red And White Blood Cells

Premium microscopic stock footage -- 4K video and 8K images.
Royalty-free. Instant download.

https://stockflow.media/?cat=Microscopic&sub=Cellular&collection=Red+And+White+Blood+Cells

#stockfootage #royaltyfree #microscopy #science #biology",Red And White Blood Cells_W_Facebook,https://storage.googleapis.com/stockflow-social/Batch01/Montages/W/Microscopic_Cellular_Red-And-White-Blood-Cells_W.mp4,Microscopic,Nmediaservices,2026-05-09 10:00
"Ribosomes

Premium microscopic stock footage -- 4K video and 8K images.
Royalty-free. Instant download.

https://stockflow.media/?cat=Microscopic&sub=Cellular&collection=Ribosomes

#stockfootage #royaltyfree #microscopy #science #biology",Ribosomes_W_Facebook,https://storage.googleapis.com/stockflow-social/Batch01/Montages/W/Microscopic_Cellular_Ribosomes_W.mp4,Microscopic,Nmediaservices,2026-05-10 8:00
"Planktonic

Premium microscopic stock footage -- 4K video and 8K images.
Royalty-free. Instant download.

https://stockflow.media/?cat=Microscopic&sub=Cellular&collection=Planktonic

#stockfootage #royaltyfree #microscopy #science #biology",Planktonic_W_Facebook,https://storage.googleapis.com/stockflow-social/Batch01/Montages/W/Microscopic_Cellular_Planktonic_W.mp4,Microscopic,Nmediaservices,2026-05-10 9:00
"Mitochondria

Premium microscopic stock footage -- 4K video and 8K images.
Royalty-free. Instant download.

https://stockflow.media/?cat=Microscopic&sub=Cellular&collection=Mitochondria

#stockfootage #royaltyfree #microscopy #science #biology",Mitochondria_W_Facebook,https://storage.googleapis.com/stockflow-social/Batch01/Montages/W/Microscopic_Cellular_Mitochondria_W.mp4,Microscopic,Nmediaservices,2026-05-10 10:00
"Lysosomes

Premium microscopic stock footage -- 4K video and 8K images.
Royalty-free. Instant download.

https://stockflow.media/?cat=Microscopic&sub=Cellular&collection=Lysosomes

#stockfootage #royaltyfree #microscopy #science #biology",Lysosomes_W_Facebook,https://storage.googleapis.com/stockflow-social/Batch01/Montages/W/Microscopic_Cellular_Lysosomes_W.mp4,Microscopic,Nmediaservices,2026-05-11 8:00
"Intracellular

Premium microscopic stock footage -- 4K video and 8K images.
Royalty-free. Instant download.

https://stockflow.media/?cat=Microscopic&sub=Cellular&collection=Intracellular

#stockfootage #royaltyfree #microscopy #science #biology",Intracellular_W_Facebook,https://storage.googleapis.com/stockflow-social/Batch01/Montages/W/Microscopic_Cellular_Intracellular_W.mp4,Microscopic,Nmediaservices,2026-05-11 9:00
"Eukaryotic Cell Under

Premium microscopic stock footage -- 4K video and 8K images.
Royalty-free. Instant download.

https://stockflow.media/?cat=Microscopic&sub=Cellular&collection=Eukaryotic+Cell+Under

#stockfootage #royaltyfree #microscopy #science #biology",Eukaryotic Cell Under_W_Facebook,https://storage.googleapis.com/stockflow-social/Batch01/Montages/W/Microscopic_Cellular_Eukaryotic-Cell-Under_W.mp4,Microscopic,Nmediaservices,2026-05-11 10:00
"Ciliated

Premium microscopic stock footage -- 4K video and 8K images.
Royalty-free. Instant download.

https://stockflow.media/?cat=Microscopic&sub=Cellular&collection=Ciliated

#stockfootage #royaltyfree #microscopy #science #biology",Ciliated_W_Facebook,https://storage.googleapis.com/stockflow-social/Batch01/Montages/W/Microscopic_Cellular_Ciliated_W.mp4,Microscopic,Nmediaservices,2026-05-12 8:00
"Cellular Montage

Premium microscopic stock footage -- 4K video and 8K images.
Royalty-free. Instant download.

https://stockflow.media/?cat=Microscopic&sub=Cellular&collection=Cellular+Montage

#stockfootage #royaltyfree #microscopy #science #biology",Cellular Montage_W_Facebook,https://storage.googleapis.com/stockflow-social/Batch01/Montages/W/Microscopic_Cellular_Cellular-Montage_W.mp4,Microscopic,Nmediaservices,2026-05-12 9:00
"Cellular

Premium microscopic stock footage -- 4K video and 8K images.
Royalty-free. Instant download.

https://stockflow.media/?cat=Microscopic&sub=Cellular&collection=Cellular

#stockfootage #royaltyfree #microscopy #science #biology",Cellular_W_Facebook,https://storage.googleapis.com/stockflow-social/Batch01/Montages/W/Microscopic_Cellular_Cellular_W.mp4,Microscopic,Nmediaservices,2026-05-12 10:00
"Vs Healthy Cells

Premium microscopic stock footage -- 4K video and 8K images.
Royalty-free. Instant download.

https://stockflow.media/?cat=Microscopic&sub=Cancer+Cell&collection=Vs+Healthy+Cells

#stockfootage #royaltyfree #microscopy #science #biology",Vs Healthy Cells_W_Facebook,https://storage.googleapis.com/stockflow-social/Batch01/Montages/W/Microscopic_Cancer-Cell_Vs-Healthy-Cells_W.mp4,Microscopic,Nmediaservices,2026-05-13 8:00
"Brain Tissue

Premium microscopic stock footage -- 4K video and 8K images.
Royalty-free. Instant download.

https://stockflow.media/?cat=Microscopic&sub=Cellular&collection=Brain+Tissue

#stockfootage #royaltyfree #microscopy #science #biology",Brain Tissue_W_Facebook,https://storage.googleapis.com/stockflow-social/Batch01/Montages/W/Microscopic_Cellular_Brain-Tissue_W.mp4,Microscopic,Nmediaservices,2026-05-13 9:00
"Viruses

Premium microscopic stock footage -- 4K video and 8K images.
Royalty-free. Instant download.

https://stockflow.media/?cat=Microscopic&sub=Cancer+Cell&collection=Viruses

#stockfootage #royaltyfree #microscopy #science #biology",Viruses_W_Facebook,https://storage.googleapis.com/stockflow-social/Batch01/Montages/W/Microscopic_Cancer-Cell_Viruses_W.mp4,Microscopic,Nmediaservices,2026-05-13 10:00
"Tumor

Premium microscopic stock footage -- 4K video and 8K images.
Royalty-free. Instant download.

https://stockflow.media/?cat=Microscopic&sub=Cancer+Cell&collection=Tumor

#stockfootage #royaltyfree #microscopy #science #biology",Tumor_W_Facebook,https://storage.googleapis.com/stockflow-social/Batch01/Montages/W/Microscopic_Cancer-Cell_Tumor_W.mp4,Microscopic,Nmediaservices,2026-05-14 8:00
"Tem Virus

Premium microscopic stock footage -- 4K video and 8K images.
Royalty-free. Instant download.

https://stockflow.media/?cat=Microscopic&sub=Cancer+Cell&collection=Tem+Virus

#stockfootage #royaltyfree #microscopy #science #biology",Tem Virus_W_Facebook,https://storage.googleapis.com/stockflow-social/Batch01/Montages/W/Microscopic_Cancer-Cell_Tem-Virus_W.mp4,Microscopic,Nmediaservices,2026-05-14 9:00
"Mutations

Premium microscopic stock footage -- 4K video and 8K images.
Royalty-free. Instant download.

https://stockflow.media/?cat=Microscopic&sub=Cancer+Cell&collection=Mutations

#stockfootage #royaltyfree #microscopy #science #biology",Mutations_W_Facebook,https://storage.googleapis.com/stockflow-social/Batch01/Montages/W/Microscopic_Cancer-Cell_Mutations_W.mp4,Microscopic,Nmediaservices,2026-05-14 10:00
"Metastatic

Premium microscopic stock footage -- 4K video and 8K images.
Royalty-free. Instant download.

https://stockflow.media/?cat=Microscopic&sub=Cancer+Cell&collection=Metastatic

#stockfootage #royaltyfree #microscopy #science #biology",Metastatic_W_Facebook,https://storage.googleapis.com/stockflow-social/Batch01/Montages/W/Microscopic_Cancer-Cell_Metastatic_W.mp4,Microscopic,Nmediaservices,2026-05-15 8:00
"Melanoma

Premium microscopic stock footage -- 4K video and 8K images.
Royalty-free. Instant download.

https://stockflow.media/?cat=Microscopic&sub=Cancer+Cell&collection=Melanoma

#stockfootage #royaltyfree #microscopy #science #biology",Melanoma_W_Facebook,https://storage.googleapis.com/stockflow-social/Batch01/Montages/W/Microscopic_Cancer-Cell_Melanoma_W.mp4,Microscopic,Nmediaservices,2026-05-15 9:00
"Leukemia

Premium microscopic stock footage -- 4K video and 8K images.
Royalty-free. Instant download.

https://stockflow.media/?cat=Microscopic&sub=Cancer+Cell&collection=Leukemia

#stockfootage #royaltyfree #microscopy #science #biology",Leukemia_W_Facebook,https://storage.googleapis.com/stockflow-social/Batch01/Montages/W/Microscopic_Cancer-Cell_Leukemia_W.mp4,Microscopic,Nmediaservices,2026-05-15 10:00
"Immune

Premium microscopic stock footage -- 4K video and 8K images.
Royalty-free. Instant download.

https://stockflow.media/?cat=Microscopic&sub=Cancer+Cell&collection=Immune

#stockfootage #royaltyfree #microscopy #science #biology",Immune_W_Facebook,https://storage.googleapis.com/stockflow-social/Batch01/Montages/W/Microscopic_Cancer-Cell_Immune_W.mp4,Microscopic,Nmediaservices,2026-05-16 8:00
"Healthy Cells

Premium microscopic stock footage -- 4K video and 8K images.
Royalty-free. Instant download.

https://stockflow.media/?cat=Microscopic&sub=Cancer+Cell&collection=Healthy+Cells

#stockfootage #royaltyfree #microscopy #science #biology",Healthy Cells_W_Facebook,https://storage.googleapis.com/stockflow-social/Batch01/Montages/W/Microscopic_Cancer-Cell_Healthy-Cells_W.mp4,Microscopic,Nmediaservices,2026-05-16 9:00
"Fluorescence

Premium microscopic stock footage -- 4K video and 8K images.
Royalty-free. Instant download.

https://stockflow.media/?cat=Microscopic&sub=Cancer+Cell&collection=Fluorescence

#stockfootage #royaltyfree #microscopy #science #biology",Fluorescence_W_Facebook,https://storage.googleapis.com/stockflow-social/Batch01/Montages/W/Microscopic_Cancer-Cell_Fluorescence_W.mp4,Microscopic,Nmediaservices,2026-05-16 10:00
"Chemotherapy

Premium microscopic stock footage -- 4K video and 8K images.
Royalty-free. Instant download.

https://stockflow.media/?cat=Microscopic&sub=Cancer+Cell&collection=Chemotherapy

#stockfootage #royaltyfree #microscopy #science #biology",Chemotherapy_W_Facebook,https://storage.googleapis.com/stockflow-social/Batch01/Montages/W/Microscopic_Cancer-Cell_Chemotherapy_W.mp4,Microscopic,Nmediaservices,2026-05-17 8:00
"Cancer Cell Montage

Premium microscopic stock footage -- 4K video and 8K images.
Royalty-free. Instant download.

https://stockflow.media/?cat=Microscopic&sub=Cancer+Cell&collection=Cancer+Cell+Montage

#stockfootage #royaltyfree #microscopy #science #biology",Cancer Cell Montage_W_Facebook,https://storage.googleapis.com/stockflow-social/Batch01/Montages/W/Microscopic_Cancer-Cell_Cancer-Cell-Montage_W.mp4,Microscopic,Nmediaservices,2026-05-17 9:00
"Breast

Premium microscopic stock footage -- 4K video and 8K images.
Royalty-free. Instant download.

https://stockflow.media/?cat=Microscopic&sub=Cancer+Cell&collection=Breast

#stockfootage #royaltyfree #microscopy #science #biology",Breast_W_Facebook,https://storage.googleapis.com/stockflow-social/Batch01/Montages/W/Microscopic_Cancer-Cell_Breast_W.mp4,Microscopic,Nmediaservices,2026-05-17 10:00
"Cancer Cell

Premium microscopic stock footage -- 4K video and 8K images.
Royalty-free. Instant download.

https://stockflow.media/?cat=Microscopic&sub=Cancer+Cell&collection=Cancer+Cell

#stockfootage #royaltyfree #microscopy #science #biology",Cancer Cell_W_Facebook,https://storage.googleapis.com/stockflow-social/Batch01/Montages/W/Microscopic_Cancer-Cell_Cancer-Cell_W.mp4,Microscopic,Nmediaservices,2026-05-18 8:00
"Aggressive

Premium microscopic stock footage -- 4K video and 8K images.
Royalty-free. Instant download.

https://stockflow.media/?cat=Microscopic&sub=Cancer+Cell&collection=Aggressive

#stockfootage #royaltyfree #microscopy #science #biology",Aggressive_W_Facebook,https://storage.googleapis.com/stockflow-social/Batch01/Montages/W/Microscopic_Cancer-Cell_Aggressive_W.mp4,Microscopic,Nmediaservices,2026-05-18 9:00
"Thrombocytopenia

Premium microscopic stock footage -- 4K video and 8K images.
Royalty-free. Instant download.

https://stockflow.media/?cat=Microscopic&sub=Blood+Hematology&collection=Thrombocytopenia

#stockfootage #royaltyfree #microscopy #science #biology",Thrombocytopenia_W_Facebook,https://storage.googleapis.com/stockflow-social/Batch01/Montages/W/Microscopic_Blood-Hematology_Thrombocytopenia_W.mp4,Microscopic,Nmediaservices,2026-05-18 10:00
"Blood Hematology Montage

Premium microscopic stock footage -- 4K video and 8K images.
Royalty-free. Instant download.

https://stockflow.media/?cat=Microscopic&sub=Blood+Hematology&collection=Blood+Hematology+Montage

#stockfootage #royaltyfree #microscopy #science #biology",Blood Hematology Montage_W_Facebook,https://storage.googleapis.com/stockflow-social/Batch01/Montages/W/Microscopic_Blood-Hematology_Blood-Hematology-Montage_W.mp4,Microscopic,Nmediaservices,2026-05-19 8:00
"Anemia

Premium microscopic stock footage -- 4K video and 8K images.
Royalty-free. Instant download.

https://stockflow.media/?cat=Microscopic&sub=Blood+Hematology&collection=Anemia

#stockfootage #royaltyfree #microscopy #science #biology",Anemia_W_Facebook,https://storage.googleapis.com/stockflow-social/Batch01/Montages/W/Microscopic_Blood-Hematology_Anemia_W.mp4,Microscopic,Nmediaservices,2026-05-19 9:00
"Red And White

Premium microscopic stock footage -- 4K video and 8K images.
Royalty-free. Instant download.

https://stockflow.media/?cat=Microscopic&sub=Biological+Creatures&collection=Red+And+White

#stockfootage #royaltyfree #microscopy #science #biology",Red And White_W_Facebook,https://storage.googleapis.com/stockflow-social/Batch01/Montages/W/Microscopic_Biological-Creatures_Red-And-White_W.mp4,Microscopic,Nmediaservices,2026-05-19 10:00
"Paramecium

Premium microscopic stock footage -- 4K video and 8K images.
Royalty-free. Instant download.

https://stockflow.media/?cat=Microscopic&sub=Biological+Creatures&collection=Paramecium

#stockfootage #royaltyfree #microscopy #science #biology",Paramecium_W_Facebook,https://storage.googleapis.com/stockflow-social/Batch01/Montages/W/Microscopic_Biological-Creatures_Paramecium_W.mp4,Microscopic,Nmediaservices,2026-05-20 8:00
"Cross Section

Premium microscopic stock footage -- 4K video and 8K images.
Royalty-free. Instant download.

https://stockflow.media/?cat=Microscopic&sub=Biological+Creatures&collection=Cross+Section

#stockfootage #royaltyfree #microscopy #science #biology",Cross Section_W_Facebook,https://storage.googleapis.com/stockflow-social/Batch01/Montages/W/Microscopic_Biological-Creatures_Cross-Section_W.mp4,Microscopic,Nmediaservices,2026-05-20 9:00
"Eukaryotic Cell

Premium microscopic stock footage -- 4K video and 8K images.
Royalty-free. Instant download.

https://stockflow.media/?cat=Microscopic&sub=Biological+Creatures&collection=Eukaryotic+Cell

#stockfootage #royaltyfree #microscopy #science #biology",Eukaryotic Cell_W_Facebook,https://storage.googleapis.com/stockflow-social/Batch01/Montages/W/Microscopic_Biological-Creatures_Eukaryotic-Cell_W.mp4,Microscopic,Nmediaservices,2026-05-20 10:00
"Biological Creatures Montage

Premium microscopic stock footage -- 4K video and 8K images.
Royalty-free. Instant download.

https://stockflow.media/?cat=Microscopic&sub=Biological+Creatures&collection=Biological+Creatures+Montage

#stockfootage #royaltyfree #microscopy #science #biology",Biological Creatures Montage_W_Facebook,https://storage.googleapis.com/stockflow-social/Batch01/Montages/W/Microscopic_Biological-Creatures_Biological-Creatures-Montage_W.mp4,Microscopic,Nmediaservices,2026-05-21 8:00
"Bacteria

Premium microscopic stock footage -- 4K video and 8K images.
Royalty-free. Instant download.

https://stockflow.media/?cat=Microscopic&sub=Biological+Creatures&collection=Bacteria

#stockfootage #royaltyfree #microscopy #science #biology",Bacteria_W_Facebook,https://storage.googleapis.com/stockflow-social/Batch01/Montages/W/Microscopic_Biological-Creatures_Bacteria_W.mp4,Microscopic,Nmediaservices,2026-05-21 9:00
"Bacterial Cell

Premium microscopic stock footage -- 4K video and 8K images.
Royalty-free. Instant download.

https://stockflow.media/?cat=Microscopic&sub=Biological+Creatures&collection=Bacterial+Cell

#stockfootage #royaltyfree #microscopy #science #biology",Bacterial Cell_W_Facebook,https://storage.googleapis.com/stockflow-social/Batch01/Montages/W/Microscopic_Biological-Creatures_Bacterial-Cell_W.mp4,Microscopic,Nmediaservices,2026-05-21 10:00
"Alien Organism

Premium microscopic stock footage -- 4K video and 8K images.
Royalty-free. Instant download.

https://stockflow.media/?cat=Microscopic&sub=Biological+Creatures&collection=Alien+Organism

#stockfootage #royaltyfree #microscopy #science #biology",Alien Organism_W_Facebook,https://storage.googleapis.com/stockflow-social/Batch01/Montages/W/Microscopic_Biological-Creatures_Alien-Organism_W.mp4,Microscopic,Nmediaservices,2026-05-22 8:00
"Tetani

Premium microscopic stock footage -- 4K video and 8K images.
Royalty-free. Instant download.

https://stockflow.media/?cat=Microscopic&sub=Bacteria&collection=Tetani

#stockfootage #royaltyfree #microscopy #science #biology",Tetani_W_Facebook,https://storage.googleapis.com/stockflow-social/Batch01/Montages/W/Microscopic_Bacteria_Tetani_W.mp4,Microscopic,Nmediaservices,2026-05-22 9:00
"Spirochete

Premium microscopic stock footage -- 4K video and 8K images.
Royalty-free. Instant download.

https://stockflow.media/?cat=Microscopic&sub=Bacteria&collection=Spirochete

#stockfootage #royaltyfree #microscopy #science #biology",Spirochete_W_Facebook,https://storage.googleapis.com/stockflow-social/Batch01/Montages/W/Microscopic_Bacteria_Spirochete_W.mp4,Microscopic,Nmediaservices,2026-05-22 10:00
"Resistant

Premium microscopic stock footage -- 4K video and 8K images.
Royalty-free. Instant download.

https://stockflow.media/?cat=Microscopic&sub=Bacteria&collection=Resistant

#stockfootage #royaltyfree #microscopy #science #biology",Resistant_W_Facebook,https://storage.googleapis.com/stockflow-social/Batch01/Montages/W/Microscopic_Bacteria_Resistant_W.mp4,Microscopic,Nmediaservices,2026-05-23 8:00
"Resistant Bacteria

Premium microscopic stock footage -- 4K video and 8K images.
Royalty-free. Instant download.

https://stockflow.media/?cat=Microscopic&sub=Bacteria&collection=Resistant+Bacteria

#stockfootage #royaltyfree #microscopy #science #biology",Resistant Bacteria_W_Facebook,https://storage.googleapis.com/stockflow-social/Batch01/Montages/W/Microscopic_Bacteria_Resistant-Bacteria_W.mp4,Microscopic,Nmediaservices,2026-05-23 9:00
"E Coli

Premium microscopic stock footage -- 4K video and 8K images.
Royalty-free. Instant download.

https://stockflow.media/?cat=Microscopic&sub=Bacteria&collection=E+Coli

#stockfootage #royaltyfree #microscopy #science #biology",E Coli_W_Facebook,https://storage.googleapis.com/stockflow-social/Batch01/Montages/W/Microscopic_Bacteria_E-Coli_W.mp4,Microscopic,Nmediaservices,2026-05-23 10:00
"Cocci

Premium microscopic stock footage -- 4K video and 8K images.
Royalty-free. Instant download.

https://stockflow.media/?cat=Microscopic&sub=Bacteria&collection=Cocci

#stockfootage #royaltyfree #microscopy #science #biology",Cocci_W_Facebook,https://storage.googleapis.com/stockflow-social/Batch01/Montages/W/Microscopic_Bacteria_Cocci_W.mp4,Microscopic,Nmediaservices,2026-05-24 8:00
"Biofilm

Premium microscopic stock footage -- 4K video and 8K images.
Royalty-free. Instant download.

https://stockflow.media/?cat=Microscopic&sub=Bacteria&collection=Biofilm

#stockfootage #royaltyfree #microscopy #science #biology",Biofilm_W_Facebook,https://storage.googleapis.com/stockflow-social/Batch01/Montages/W/Microscopic_Bacteria_Biofilm_W.mp4,Microscopic,Nmediaservices,2026-05-24 9:00
"Bacteria Montage

Premium microscopic stock footage -- 4K video and 8K images.
Royalty-free. Instant download.

https://stockflow.media/?cat=Microscopic&sub=Bacteria&collection=Bacteria+Montage

#stockfootage #royaltyfree #microscopy #science #biology",Bacteria Montage_W_Facebook,https://storage.googleapis.com/stockflow-social/Batch01/Montages/W/Microscopic_Bacteria_Bacteria-Montage_W.mp4,Microscopic,Nmediaservices,2026-05-24 10:00
"Bacillus

Premium microscopic stock footage -- 4K video and 8K images.
Royalty-free. Instant download.

https://stockflow.media/?cat=Microscopic&sub=Bacteria&collection=Bacillus

#stockfootage #royaltyfree #microscopy #science #biology",Bacillus_W_Facebook,https://storage.googleapis.com/stockflow-social/Batch01/Montages/W/Microscopic_Bacteria_Bacillus_W.mp4,Microscopic,Nmediaservices,2026-05-25 8:00
"Agar Plate

Premium microscopic stock footage -- 4K video and 8K images.
Royalty-free. Instant download.

https://stockflow.media/?cat=Microscopic&sub=Bacteria&collection=Agar+Plate

#stockfootage #royaltyfree #microscopy #science #biology",Agar Plate_W_Facebook,https://storage.googleapis.com/stockflow-social/Batch01/Montages/W/Microscopic_Bacteria_Agar-Plate_W.mp4,Microscopic,Nmediaservices,2026-05-25 9:00
"Spirogyra

Premium microscopic stock footage -- 4K video and 8K images.
Royalty-free. Instant download.

https://stockflow.media/?cat=Microscopic&sub=Algae&collection=Spirogyra

#stockfootage #royaltyfree #microscopy #science #biology",Spirogyra_W_Facebook,https://storage.googleapis.com/stockflow-social/Batch01/Montages/W/Microscopic_Algae_Spirogyra_W.mp4,Microscopic,Nmediaservices,2026-05-25 10:00
"Red Algae

Premium microscopic stock footage -- 4K video and 8K images.
Royalty-free. Instant download.

https://stockflow.media/?cat=Microscopic&sub=Algae&collection=Red+Algae

#stockfootage #royaltyfree #microscopy #science #biology",Red Algae_W_Facebook,https://storage.googleapis.com/stockflow-social/Batch01/Montages/W/Microscopic_Algae_Red-Algae_W.mp4,Microscopic,Nmediaservices,2026-05-26 8:00
"Red

Premium microscopic stock footage -- 4K video and 8K images.
Royalty-free. Instant download.

https://stockflow.media/?cat=Microscopic&sub=Algae&collection=Red

#stockfootage #royaltyfree #microscopy #science #biology",Red_W_Facebook,https://storage.googleapis.com/stockflow-social/Batch01/Montages/W/Microscopic_Algae_Red_W.mp4,Microscopic,Nmediaservices,2026-05-26 9:00
"Green

Premium microscopic stock footage -- 4K video and 8K images.
Royalty-free. Instant download.

https://stockflow.media/?cat=Microscopic&sub=Algae&collection=Green

#stockfootage #royaltyfree #microscopy #science #biology",Green_W_Facebook,https://storage.googleapis.com/stockflow-social/Batch01/Montages/W/Microscopic_Algae_Green_W.mp4,Microscopic,Nmediaservices,2026-05-26 10:00
"Green Algae

Premium microscopic stock footage -- 4K video and 8K images.
Royalty-free. Instant download.

https://stockflow.media/?cat=Microscopic&sub=Algae&collection=Green+Algae

#stockfootage #royaltyfree #microscopy #science #biology",Green Algae_W_Facebook,https://storage.googleapis.com/stockflow-social/Batch01/Montages/W/Microscopic_Algae_Green-Algae_W.mp4,Microscopic,Nmediaservices,2026-05-27 8:00
"Diatoms

Premium microscopic stock footage -- 4K video and 8K images.
Royalty-free. Instant download.

https://stockflow.media/?cat=Microscopic&sub=Algae&collection=Diatoms

#stockfootage #royaltyfree #microscopy #science #biology",Diatoms_W_Facebook,https://storage.googleapis.com/stockflow-social/Batch01/Montages/W/Microscopic_Algae_Diatoms_W.mp4,Microscopic,Nmediaservices,2026-05-27 9:00
"Desmids

Premium microscopic stock footage -- 4K video and 8K images.
Royalty-free. Instant download.

https://stockflow.media/?cat=Microscopic&sub=Algae&collection=Desmids

#stockfootage #royaltyfree #microscopy #science #biology",Desmids_W_Facebook,https://storage.googleapis.com/stockflow-social/Batch01/Montages/W/Microscopic_Algae_Desmids_W.mp4,Microscopic,Nmediaservices,2026-05-27 10:00
"Cyanobacteria

Premium microscopic stock footage -- 4K video and 8K images.
Royalty-free. Instant download.

https://stockflow.media/?cat=Microscopic&sub=Algae&collection=Cyanobacteria

#stockfootage #royaltyfree #microscopy #science #biology",Cyanobacteria_W_Facebook,https://storage.googleapis.com/stockflow-social/Batch01/Montages/W/Microscopic_Algae_Cyanobacteria_W.mp4,Microscopic,Nmediaservices,2026-05-28 8:00
"Colonial

Premium microscopic stock footage -- 4K video and 8K images.
Royalty-free. Instant download.

https://stockflow.media/?cat=Microscopic&sub=Algae&collection=Colonial

#stockfootage #royaltyfree #microscopy #science #biology",Colonial_W_Facebook,https://storage.googleapis.com/stockflow-social/Batch01/Montages/W/Microscopic_Algae_Colonial_W.mp4,Microscopic,Nmediaservices,2026-05-28 9:00
"Colonial Algae

Premium microscopic stock footage -- 4K video and 8K images.
Royalty-free. Instant download.

https://stockflow.media/?cat=Microscopic&sub=Algae&collection=Colonial+Algae

#stockfootage #royaltyfree #microscopy #science #biology",Colonial Algae_W_Facebook,https://storage.googleapis.com/stockflow-social/Batch01/Montages/W/Microscopic_Algae_Colonial-Algae_W.mp4,Microscopic,Nmediaservices,2026-05-28 10:00
"Brown

Premium microscopic stock footage -- 4K video and 8K images.
Royalty-free. Instant download.

https://stockflow.media/?cat=Microscopic&sub=Algae&collection=Brown

#stockfootage #royaltyfree #microscopy #science #biology",Brown_W_Facebook,https://storage.googleapis.com/stockflow-social/Batch01/Montages/W/Microscopic_Algae_Brown_W.mp4,Microscopic,Nmediaservices,2026-05-29 8:00
"Brown Algae

Premium microscopic stock footage -- 4K video and 8K images.
Royalty-free. Instant download.

https://stockflow.media/?cat=Microscopic&sub=Algae&collection=Brown+Algae

#stockfootage #royaltyfree #microscopy #science #biology",Brown Algae_W_Facebook,https://storage.googleapis.com/stockflow-social/Batch01/Montages/W/Microscopic_Algae_Brown-Algae_W.mp4,Microscopic,Nmediaservices,2026-05-29 9:00
"Blue Green Algae

Premium microscopic stock footage -- 4K video and 8K images.
Royalty-free. Instant download.

https://stockflow.media/?cat=Microscopic&sub=Algae&collection=Blue+Green+Algae

#stockfootage #royaltyfree #microscopy #science #biology",Blue Green Algae_W_Facebook,https://storage.googleapis.com/stockflow-social/Batch01/Montages/W/Microscopic_Algae_Blue-Green-Algae_W.mp4,Microscopic,Nmediaservices,2026-05-29 10:00
"Bloom

Premium microscopic stock footage -- 4K video and 8K images.
Royalty-free. Instant download.

https://stockflow.media/?cat=Microscopic&sub=Algae&collection=Bloom

#stockfootage #royaltyfree #microscopy #science #biology",Bloom_W_Facebook,https://storage.googleapis.com/stockflow-social/Batch01/Montages/W/Microscopic_Algae_Bloom_W.mp4,Microscopic,Nmediaservices,2026-05-30 8:00
"Algal Biofilm

Premium microscopic stock footage -- 4K video and 8K images.
Royalty-free. Instant download.

https://stockflow.media/?cat=Microscopic&sub=Algae&collection=Algal+Biofilm

#stockfootage #royaltyfree #microscopy #science #biology",Algal Biofilm_W_Facebook,https://storage.googleapis.com/stockflow-social/Batch01/Montages/W/Microscopic_Algae_Algal-Biofilm_W.mp4,Microscopic,Nmediaservices,2026-05-30 9:00
"Algae Montage

Premium microscopic stock footage -- 4K video and 8K images.
Royalty-free. Instant download.

https://stockflow.media/?cat=Microscopic&sub=Algae&collection=Algae+Montage

#stockfootage #royaltyfree #microscopy #science #biology",Algae Montage_W_Facebook,https://storage.googleapis.com/stockflow-social/Batch01/Montages/W/Microscopic_Algae_Algae-Montage_W.mp4,Microscopic,Nmediaservices,2026-05-30 10:00
"Algae Bloom

Premium microscopic stock footage -- 4K video and 8K images.
Royalty-free. Instant download.

https://stockflow.media/?cat=Microscopic&sub=Algae&collection=Algae+Bloom

#stockfootage #royaltyfree #microscopy #science #biology",Algae Bloom_W_Facebook,https://storage.googleapis.com/stockflow-social/Batch01/Montages/W/Microscopic_Algae_Algae-Bloom_W.mp4,Microscopic,Nmediaservices,2026-05-31 8:00
"Filaments

Premium microscopic stock footage -- 4K video and 8K images.
Royalty-free. Instant download.

https://stockflow.media/?cat=Microscopic&sub=Actin&collection=Filaments

#stockfootage #royaltyfree #microscopy #science #biology",Filaments_W_Facebook,https://storage.googleapis.com/stockflow-social/Batch01/Montages/W/Microscopic_Actin_Filaments_W.mp4,Microscopic,Nmediaservices,2026-05-31 9:00
"Actin Montage

Premium microscopic stock footage -- 4K video and 8K images.
Royalty-free. Instant download.

https://stockflow.media/?cat=Microscopic&sub=Actin&collection=Actin+Montage

#stockfootage #royaltyfree #microscopy #science #biology",Actin Montage_W_Facebook,https://storage.googleapis.com/stockflow-social/Batch01/Montages/W/Microscopic_Actin_Actin-Montage_W.mp4,Microscopic,Nmediaservices,2026-05-31 10:00
"Microscopic

Premium microscopic stock footage -- 4K video and 8K images.
Royalty-free. Instant download.

https://stockflow.media/?cat=Microscopic&sub=Microscopic+Category&collection=Microscopic

#stockfootage #royaltyfree #microscopy #science #biology",Microscopic_W_Facebook,https://storage.googleapis.com/stockflow-social/Batch01/Montages/W/Microscopic_Microscopic-Category_W.mp4,Microscopic,Nmediaservices,2026-06-01 8:00
"Tikka Masala

Premium food beverage stock footage -- 4K video and 8K images.
Royalty-free. Instant download.

https://stockflow.media/?cat=Food+Beverage&sub=Food+Menu&collection=Tikka+Masala

#stockfootage #royaltyfree #foodvideo #foodphotography #culinary",Tikka Masala_W_Facebook,https://storage.googleapis.com/stockflow-social/Batch01/Montages/W/Food-Beverage_Food-Menu_Tikka-Masala_W.mp4,Food Beverage,Nmediaservices,2026-06-01 9:00
"Thai Noodle Soup

Premium food beverage stock footage -- 4K video and 8K images.
Royalty-free. Instant download.

https://stockflow.media/?cat=Food+Beverage&sub=Food+Menu&collection=Thai+Noodle+Soup

#stockfootage #royaltyfree #foodvideo #foodphotography #culinary",Thai Noodle Soup_W_Facebook,https://storage.googleapis.com/stockflow-social/Batch01/Montages/W/Food-Beverage_Food-Menu_Thai-Noodle-Soup_W.mp4,Food Beverage,Nmediaservices,2026-06-01 10:00
"Thai Curry

Premium food beverage stock footage -- 4K video and 8K images.
Royalty-free. Instant download.

https://stockflow.media/?cat=Food+Beverage&sub=Food+Menu&collection=Thai+Curry

#stockfootage #royaltyfree #foodvideo #foodphotography #culinary",Thai Curry_W_Facebook,https://storage.googleapis.com/stockflow-social/Batch01/Montages/W/Food-Beverage_Food-Menu_Thai-Curry_W.mp4,Food Beverage,Nmediaservices,2026-06-02 8:00
"Suzhi

Premium food beverage stock footage -- 4K video and 8K images.
Royalty-free. Instant download.

https://stockflow.media/?cat=Food+Beverage&sub=Food+Menu&collection=Suzhi

#stockfootage #royaltyfree #foodvideo #foodphotography #culinary",Suzhi_W_Facebook,https://storage.googleapis.com/stockflow-social/Batch01/Montages/W/Food-Beverage_Food-Menu_Suzhi_W.mp4,Food Beverage,Nmediaservices,2026-06-02 9:00
"Stake

Premium food beverage stock footage -- 4K video and 8K images.
Royalty-free. Instant download.

https://stockflow.media/?cat=Food+Beverage&sub=Food+Menu&collection=Stake

#stockfootage #royaltyfree #foodvideo #foodphotography #culinary",Stake_W_Facebook,https://storage.googleapis.com/stockflow-social/Batch01/Montages/W/Food-Beverage_Food-Menu_Stake_W.mp4,Food Beverage,Nmediaservices,2026-06-02 10:00
"Sandwich

Premium food beverage stock footage -- 4K video and 8K images.
Royalty-free. Instant download.

https://stockflow.media/?cat=Food+Beverage&sub=Food+Menu&collection=Sandwich

#stockfootage #royaltyfree #foodvideo #foodphotography #culinary",Sandwich_W_Facebook,https://storage.googleapis.com/stockflow-social/Batch01/Montages/W/Food-Beverage_Food-Menu_Sandwich_W.mp4,Food Beverage,Nmediaservices,2026-06-03 8:00
"Remen

Premium food beverage stock footage -- 4K video and 8K images.
Royalty-free. Instant download.

https://stockflow.media/?cat=Food+Beverage&sub=Food+Menu&collection=Remen

#stockfootage #royaltyfree #foodvideo #foodphotography #culinary",Remen_W_Facebook,https://storage.googleapis.com/stockflow-social/Batch01/Montages/W/Food-Beverage_Food-Menu_Remen_W.mp4,Food Beverage,Nmediaservices,2026-06-03 9:00
"Pizza

Premium food beverage stock footage -- 4K video and 8K images.
Royalty-free. Instant download.

https://stockflow.media/?cat=Food+Beverage&sub=Food+Menu&collection=Pizza

#stockfootage #royaltyfree #foodvideo #foodphotography #culinary",Pizza_W_Facebook,https://storage.googleapis.com/stockflow-social/Batch01/Montages/W/Food-Beverage_Food-Menu_Pizza_W.mp4,Food Beverage,Nmediaservices,2026-06-03 10:00
"Noodles

Premium food beverage stock footage -- 4K video and 8K images.
Royalty-free. Instant download.

https://stockflow.media/?cat=Food+Beverage&sub=Food+Menu&collection=Noodles

#stockfootage #royaltyfree #foodvideo #foodphotography #culinary",Noodles_W_Facebook,https://storage.googleapis.com/stockflow-social/Batch01/Montages/W/Food-Beverage_Food-Menu_Noodles_W.mp4,Food Beverage,Nmediaservices,2026-06-04 8:00
"Idly Vada

Premium food beverage stock footage -- 4K video and 8K images.
Royalty-free. Instant download.

https://stockflow.media/?cat=Food+Beverage&sub=Food+Menu&collection=Idly+Vada

#stockfootage #royaltyfree #foodvideo #foodphotography #culinary",Idly Vada_W_Facebook,https://storage.googleapis.com/stockflow-social/Batch01/Montages/W/Food-Beverage_Food-Menu_Idly-Vada_W.mp4,Food Beverage,Nmediaservices,2026-06-04 9:00
"Food Menu Montage

Premium food beverage stock footage -- 4K video and 8K images.
Royalty-free. Instant download.

https://stockflow.media/?cat=Food+Beverage&sub=Food+Menu&collection=Food+Menu+Montage

#stockfootage #royaltyfree #foodvideo #foodphotography #culinary",Food Menu Montage_W_Facebook,https://storage.googleapis.com/stockflow-social/Batch01/Montages/W/Food-Beverage_Food-Menu_Food-Menu-Montage_W.mp4,Food Beverage,Nmediaservices,2026-06-04 10:00
"Fish Dinner

Premium food beverage stock footage -- 4K video and 8K images.
Royalty-free. Instant download.

https://stockflow.media/?cat=Food+Beverage&sub=Food+Menu&collection=Fish+Dinner

#stockfootage #royaltyfree #foodvideo #foodphotography #culinary",Fish Dinner_W_Facebook,https://storage.googleapis.com/stockflow-social/Batch01/Montages/W/Food-Beverage_Food-Menu_Fish-Dinner_W.mp4,Food Beverage,Nmediaservices,2026-06-05 8:00
"Dosa

Premium food beverage stock footage -- 4K video and 8K images.
Royalty-free. Instant download.

https://stockflow.media/?cat=Food+Beverage&sub=Food+Menu&collection=Dosa

#stockfootage #royaltyfree #foodvideo #foodphotography #culinary",Dosa_W_Facebook,https://storage.googleapis.com/stockflow-social/Batch01/Montages/W/Food-Beverage_Food-Menu_Dosa_W.mp4,Food Beverage,Nmediaservices,2026-06-05 9:00
"Chicken Fry

Premium food beverage stock footage -- 4K video and 8K images.
Royalty-free. Instant download.

https://stockflow.media/?cat=Food+Beverage&sub=Food+Menu&collection=Chicken+Fry

#stockfootage #royaltyfree #foodvideo #foodphotography #culinary",Chicken Fry_W_Facebook,https://storage.googleapis.com/stockflow-social/Batch01/Montages/W/Food-Beverage_Food-Menu_Chicken-Fry_W.mp4,Food Beverage,Nmediaservices,2026-06-05 10:00
"Chicken Dinner

Premium food beverage stock footage -- 4K video and 8K images.
Royalty-free. Instant download.

https://stockflow.media/?cat=Food+Beverage&sub=Food+Menu&collection=Chicken+Dinner

#stockfootage #royaltyfree #foodvideo #foodphotography #culinary",Chicken Dinner_W_Facebook,https://storage.googleapis.com/stockflow-social/Batch01/Montages/W/Food-Beverage_Food-Menu_Chicken-Dinner_W.mp4,Food Beverage,Nmediaservices,2026-06-06 8:00
"Butter Chiken

Premium food beverage stock footage -- 4K video and 8K images.
Royalty-free. Instant download.

https://stockflow.media/?cat=Food+Beverage&sub=Food+Menu&collection=Butter+Chiken

#stockfootage #royaltyfree #foodvideo #foodphotography #culinary",Butter Chiken_W_Facebook,https://storage.googleapis.com/stockflow-social/Batch01/Montages/W/Food-Beverage_Food-Menu_Butter-Chiken_W.mp4,Food Beverage,Nmediaservices,2026-06-06 9:00
"Buritos

Premium food beverage stock footage -- 4K video and 8K images.
Royalty-free. Instant download.

https://stockflow.media/?cat=Food+Beverage&sub=Food+Menu&collection=Buritos

#stockfootage #royaltyfree #foodvideo #foodphotography #culinary",Buritos_W_Facebook,https://storage.googleapis.com/stockflow-social/Batch01/Montages/W/Food-Beverage_Food-Menu_Buritos_W.mp4,Food Beverage,Nmediaservices,2026-06-06 10:00
"Burgers

Premium food beverage stock footage -- 4K video and 8K images.
Royalty-free. Instant download.

https://stockflow.media/?cat=Food+Beverage&sub=Food+Menu&collection=Burgers

#stockfootage #royaltyfree #foodvideo #foodphotography #culinary",Burgers_W_Facebook,https://storage.googleapis.com/stockflow-social/Batch01/Montages/W/Food-Beverage_Food-Menu_Burgers_W.mp4,Food Beverage,Nmediaservices,2026-06-07 8:00
"Biriyani

Premium food beverage stock footage -- 4K video and 8K images.
Royalty-free. Instant download.

https://stockflow.media/?cat=Food+Beverage&sub=Food+Menu&collection=Biriyani

#stockfootage #royaltyfree #foodvideo #foodphotography #culinary",Biriyani_W_Facebook,https://storage.googleapis.com/stockflow-social/Batch01/Montages/W/Food-Beverage_Food-Menu_Biriyani_W.mp4,Food Beverage,Nmediaservices,2026-06-07 9:00
"Food Beverage

Premium food beverage stock footage -- 4K video and 8K images.
Royalty-free. Instant download.

https://stockflow.media/?cat=Food+Beverage&sub=Food+Beverage+Category&collection=Food+Beverage

#stockfootage #royaltyfree #foodvideo #foodphotography #culinary",Food Beverage_W_Facebook,https://storage.googleapis.com/stockflow-social/Batch01/Montages/W/Food-Beverage_Food-Beverage-Category_W.mp4,Food Beverage,Nmediaservices,2026-06-07 10:00